simulation_index,country,age_testing_strategy,WHO_region,pandemic,time_of_pandemic,total_cost_pand_ngiv,total_cost_epid_ngiv,vaccs_pand_ngiv,vaccs_epid_ngiv,total_cost_pand_base,total_cost_epid_base,vaccs_pand_base,vaccs_epid_base,threshold_cost_pand,threshold_cost_epid,tc_diff,sens_a
1,AGO,2,AFR,1918,1,3106697517.1278462,146764941.19395295,11167849.076355861,11167849.076355861,3552754685.20507,143401053.11976615,22390409.370859757,22390409.370859757,39.941188766742805,-0.301211813589843,40.24240058033265,50% coverage
1,AGO,2,AFR,1918,2,3085373778.0278025,163233231.85303542,13378399.873301271,13378399.873301271,3527521673.5676713,157431798.0224959,29739430.840214662,29739430.840214662,33.04938555635831,-0.4336418320188807,33.48302738837719,50% coverage
1,AGO,2,AFR,1918,3,3068504420.0120707,180176407.00174654,15644206.102377323,15644206.102377323,3555387522.4094014,221648985.1292857,37256372.51671016,37256372.51671016,31.122263361343922,2.6509864326855745,28.471276928658348,50% coverage
1,AGO,2,AFR,1918,4,3071476694.562629,213959771.66571134,17908047.44205513,17908047.44205513,3603898693.820454,303807611.14452785,44868450.773988545,44868450.773988545,29.730879426167306,5.017176761985703,24.713702664181604,50% coverage
1,AGO,2,AFR,1918,5,3060357029.652306,232769401.99316645,20201396.316500068,20201396.316500068,3607378938.6429567,341746000.94089985,52624003.49145651,52624003.49145651,27.078420739850287,5.394508242914063,21.683912496936223,50% coverage
1,AGO,2,AFR,1918,6,3046600596.7700834,248170096.82882327,22526804.767234128,22526804.767234128,3613601754.9482846,383445781.68597776,60531028.84447864,60531028.84447864,25.170065796589153,6.005098648252005,19.164967148337148,50% coverage
1,AGO,2,AFR,1918,7,3034314882.887742,264093438.83328208,24886343.158545267,24886343.158545267,3648978161.890359,470182659.21646315,68597118.34735207,68597118.34735207,24.698818749172432,8.281217496288354,16.417601252884076,50% coverage
1,AGO,2,AFR,1918,8,3023120443.1517677,281092047.26811856,27281980.178140335,27281980.178140335,3650644936.0878167,486488119.5906786,76829615.83667327,76829615.83667327,23.001427639730217,7.528635054398781,15.472792585331437,50% coverage
1,AGO,2,AFR,1918,9,3009899799.4985394,295819452.2729915,29747696.07164118,29747696.07164118,3635429515.5192623,504373126.16803414,85281732.30248006,85281732.30248006,21.027837400054906,7.010750459221589,14.017086940833318,50% coverage
1,AGO,2,AFR,1918,10,2996494656.7307563,310160160.1039829,32221626.901829097,32221626.901829097,3623858910.4513955,526136805.18183744,93869185.8288895,93869185.8288895,19.4702848379461,6.702847306123899,12.7674375318222,50% coverage
1,AGO,2,AFR,1918,11,2982510868.667407,324313355.9896481,34736656.395192176,34736656.395192176,3602611192.7390246,538173345.2566001,102643778.35570775,102643778.35570775,17.851468403200844,6.156608363047629,11.694860040153216,50% coverage
1,AGO,2,AFR,1918,12,2968387482.888996,338297848.8135673,37294859.49993248,37294859.49993248,3613004116.537501,581785888.5310354,111612352.81368954,111612352.81368954,17.284329322910352,6.528729239961581,10.75560008294877,50% coverage
1,AGO,2,AFR,1918,13,2954062542.465333,352106598.2055208,39897855.06691078,39897855.06691078,3593605323.1016374,595548428.2815969,120781531.4297,120781531.4297,16.029502828253744,6.101627008966058,9.927875819287685,50% coverage
1,AGO,2,AFR,1918,14,2939735505.389464,365927938.6811066,42581941.827500515,42581941.827500515,3577099334.065038,612124741.592957,130209209.34211048,130209209.34211048,14.967937142405008,5.781718548890839,9.18621859351417,50% coverage
1,AGO,2,AFR,1918,15,2925310040.9316263,365927938.6811066,45279750.77316025,42581941.827500515,3552617634.977093,612124741.592957,139800225.5741635,130209209.34211048,13.854042553990954,5.437238472120401,8.416804081870552,50% coverage
1,AGO,2,AFR,1918,16,2910499174.4312596,392829742.92822367,48026477.03707782,48026477.03707782,3565391435.1263456,666282769.7057574,149611185.63334358,149611185.63334358,13.6360670425501,5.693797331135076,7.942269711415023,50% coverage
1,AGO,2,AFR,1918,17,2896385146.6991296,406819021.31759477,50824015.388966806,50824015.388966806,3568853441.9877634,702451911.8977404,159648717.96676826,159648717.96676826,13.231309847167594,5.816795235827105,7.414514611340489,50% coverage
1,AGO,2,AFR,1918,18,2881417783.987531,419866008.1003664,53673801.349241726,53673801.349241726,3567133970.5022764,733291225.5843577,169919312.5824651,169919312.5824651,12.775621798295317,5.839445122297439,6.936176675997878,50% coverage
1,AGO,2,AFR,1918,19,2866414417.854401,432903400.2802919,56577243.741650775,56577243.741650775,3550970342.7938757,750276782.553427,180429480.88657138,180429480.88657138,12.099492298800717,5.609558919525318,6.489933379275399,50% coverage
1,AGO,2,AFR,1918,20,2864093669.767142,458214781.4156568,59574411.48973728,59574411.48973728,3589276281.193831,819986500.2353894,191244637.5024772,191244637.5024772,12.172719684383527,6.0726024776938665,6.10011720668966,50% coverage
1,AGO,2,AFR,1918,21,2854693541.512598,476224701.65610784,62589971.80255039,62589971.80255039,3569290147.369768,831964982.6246969,202254806.29942203,202254806.29942203,11.417110205952385,5.683662585610774,5.733447620341611,50% coverage
1,AGO,2,AFR,1918,22,2839649555.3774366,488798969.70755947,65662831.006842606,65662831.006842606,3567172377.1164317,861926137.0787891,213524118.17998168,213524118.17998168,11.079674917811284,5.682471523841954,5.397203393969329,50% coverage
1,AGO,2,AFR,1918,23,2824811803.700207,501176965.21498215,68794843.77296926,68794843.77296926,3562686481.7272377,888546326.8562233,225059484.21565783,225059484.21565783,10.725726487032954,5.630790629012892,5.0949358580200625,50% coverage
1,AGO,2,AFR,1918,24,2809963894.3332543,513410474.9130007,71987379.94622251,71987379.94622251,3544063604.134258,902641828.28938,236867732.2642909,236867732.2642909,10.197616726006776,5.406938739361689,4.790677986645088,50% coverage
1,AGO,2,AFR,1918,25,2795214932.4201055,525516970.55663675,75241803.90806709,75241803.90806709,3530893880.839035,918904132.5830859,248955782.98708135,248955782.98708135,9.777529381376958,5.228305829922718,4.54922355145424,50% coverage
1,AGO,2,AFR,1918,26,2780730324.156582,537780941.6677366,78602814.83048499,78602814.83048499,3508203831.444606,927438351.1235416,261398374.8640472,261398374.8640472,9.255056690487422,4.957295871606393,4.297760818881029,50% coverage
1,AGO,2,AFR,1918,27,2767230765.641579,550348059.7170274,81985842.7353085,81985842.7353085,3529228410.384032,978268048.2038454,274068550.4195084,274068550.4195084,9.29425885396536,5.219437578611696,4.0748212753536635,50% coverage
1,GBR,2,EUR,1918,1,335482963366.72406,14224057858.037775,7326984.114179065,7326984.114179065,374003907349.02594,19934864045.226948,14744473.173328124,14744473.173328124,5257.407875056908,779.4211230972522,4477.9867519596555,50% coverage
1,GBR,2,EUR,1918,2,330535249742.719,19074442291.791943,8659075.035222549,8659075.035222549,371066208605.4305,27559002269.69119,19288423.830525823,19288423.830525823,4680.749236823051,979.8459931790143,3700.903243644037,50% coverage
1,GBR,2,EUR,1918,3,322986416868.0206,19311542137.356033,9991797.103548853,9991797.103548853,366703673464.23553,30565251972.041443,23799201.816554032,23799201.816554032,4375.314684951675,1126.2948714889692,3249.019813462706,50% coverage
1,GBR,2,EUR,1918,4,320808120298.7063,27615417159.10306,11288393.561178258,11288393.561178258,365457309576.1728,40781632564.928894,28229905.877334885,28229905.877334885,3955.3182687587046,1166.3497852436296,2788.9684835150747,50% coverage
1,GBR,2,EUR,1918,5,315140258766.4094,32009385907.600967,12568762.862111181,12568762.862111181,359823853713.0411,46209264255.51204,32609457.405287415,32609457.405287415,3555.1307186589825,1129.7753409539555,2425.355377705027,50% coverage
1,GBR,2,EUR,1918,6,309743381083.0362,36277061749.920395,13833955.133122537,13833955.133122537,354346661662.2295,51408037517.89033,36941158.24401316,36941158.24401316,3224.1886105586673,1093.7563135319087,2130.4322970267585,50% coverage
1,GBR,2,EUR,1918,7,302673973577.8446,38508852150.80205,15084872.726328967,15084872.726328967,350099924054.52295,57467436617.90319,41227998.7428518,41227998.7428518,3143.94104193545,1256.79445965832,1887.14658227713,50% coverage
1,GBR,2,EUR,1918,8,297794931202.369,46600960544.173805,16322345.670162708,16322345.670162708,345064135467.481,67482332624.55573,45472705.575772695,45472705.575772695,2895.9810814152916,1279.3119630196984,1616.6691183955932,50% coverage
1,GBR,2,EUR,1918,9,297493249598.1099,50937941108.08627,17564648.185071543,17564648.185071543,347026337612.5569,73953975138.58371,49701608.18457055,49701608.18457055,2820.044414925764,1310.361231718783,1509.683183206981,50% coverage
1,GBR,2,EUR,1918,10,291520056834.57263,53298107946.79077,18777539.89832733,18777539.89832733,341121769901.2716,77329756415.72728,53869421.322387174,53869421.322387174,2641.5448101972834,1279.8081430825348,1361.7366671147486,50% coverage
1,GBR,2,EUR,1918,11,284679667902.46985,56832367975.74036,19979026.81101108,19979026.81101108,334494547278.68884,83047610162.99399,58001894.357978135,58001894.357978135,2493.3586529231957,1312.138095375375,1181.2205575478206,50% coverage
1,GBR,2,EUR,1918,12,282804279047.5818,60434798323.96501,21169763.456479758,21169763.456479758,333571960904.35724,87401968135.91632,62100935.87662811,62100935.87662811,2398.122301231297,1273.8531475512093,1124.2691536800878,50% coverage
1,GBR,2,EUR,1918,13,276414693703.49335,63799427028.72525,22350289.81108923,22350289.81108923,327391356636.55096,92769677201.36615,66168268.30753141,66168268.30753141,2280.8054554963865,1296.1912537826306,984.6142017137558,50% coverage
1,GBR,2,EUR,1918,14,271532577808.72964,63958882524.40864,23537759.244801745,23537759.244801745,323788619597.86725,94063123792.26743,70228325.38068983,70228325.38068983,2220.0941578871075,1278.976514066743,941.1176438203645,50% coverage
1,GBR,2,EUR,1918,15,266803759682.67264,66246882860.145515,24699382.849593766,24699382.849593766,318809315334.3439,96890342056.78824,74236939.62094617,74236939.62094617,2105.5406917799396,1240.6568772687663,864.8838145111733,50% coverage
1,GBR,2,EUR,1918,16,263115741878.74008,69354515042.53714,25852092.330670454,25852092.330670454,315103000429.2799,100726274398.86623,78218123.95135903,78218123.95135903,2010.9497477255675,1213.5094890988842,797.4402586266833,50% coverage
1,GBR,2,EUR,1918,17,259551401951.41104,72356809733.7383,26996327.44816146,26996327.44816146,311488587863.2691,104398982245.09532,82173088.71052606,82173088.71052606,1923.8611626558545,1186.9085738748959,736.9525887809586,50% coverage
1,GBR,2,EUR,1918,18,257437920965.2625,76589859319.97646,28132433.3099925,28132433.3099925,310109376120.3075,110060540415.06482,86102919.1496856,86102919.1496856,1872.2680180081097,1189.754214513671,682.5138034944387,50% coverage
1,GBR,2,EUR,1918,19,251351930202.33774,76637891155.26077,29260724.746352717,29260724.746352717,304370600112.5121,111124644338.51363,90008603.75993156,90008603.75993156,1811.939737302064,1178.6021529610796,633.3375843409844,50% coverage
1,GBR,2,EUR,1918,20,250585607322.90732,81800190529.15764,30397386.712031364,30397386.712031364,303973811760.99207,117300854324.58339,93913010.76434596,93913010.76434596,1756.341916621193,1167.8853886927884,588.4565279284045,50% coverage
1,GBR,2,EUR,1918,21,244911184749.76624,81847784419.5196,31510960.040098693,31510960.040098693,298677589990.4471,118355641305.29025,97773144.95044103,97773144.95044103,1706.2763296409057,1158.5764711488714,547.6998584920343,50% coverage
1,GBR,2,EUR,1918,22,242211736358.36554,84689710169.72498,32617446.944978006,32617446.944978006,295671573271.96674,121486120425.12769,101611570.65733495,101611570.65733495,1638.9951366758403,1128.1204907752024,510.8746459006379,50% coverage
1,GBR,2,EUR,1918,23,239628575818.7065,87460838604.93935,33717124.53802802,33717124.53802802,293837324477.1582,125581089633.29245,105428986.13757597,105428986.13757597,1607.7512362393804,1130.5902134495188,477.1610227898616,50% coverage
1,GBR,2,EUR,1918,24,235263057929.82272,89793376425.53615,34810191.532793336,34810191.532793336,289633171305.4881,129306208284.25365,109226009.67831826,109226009.67831826,1561.9021608785288,1135.0937791162105,426.8083817623183,50% coverage
1,GBR,2,EUR,1918,25,231885468645.4441,89892417268.34941,35896828.78741524,35896828.78741524,287227670033.674,130235694758.44379,113003203.45389593,113003203.45389593,1541.7016839000514,1123.8674516072565,417.8342322927949,50% coverage
1,GBR,2,EUR,1918,26,228739034254.62778,91578227093.88976,36992501.64267128,36992501.64267128,283866116346.86707,132222406524.42276,116782332.358921,116782332.358921,1490.2231437262292,1098.7139994784638,391.50914424776533,50% coverage
1,GBR,2,EUR,1918,27,224112564245.74557,91614937027.5161,38066830.42208807,38066830.42208807,280022386557.41125,133546134239.22511,120521470.81754658,120521470.81754658,1468.7280682876162,1101.5153283520729,367.21273993554337,50% coverage
1,AGO,2,AFR,1918,1,3344018502.4646583,114584872.75898324,4425775.488414834,4425775.488414834,3534037669.1206617,124684037.03535236,8854590.63213839,8854590.63213839,42.934660186312804,2.2818971054463293,40.65276308086648,20% coverage
1,AGO,2,AFR,1918,2,3320309316.3023925,129197176.75980651,5294037.549915085,5294037.549915085,3502949240.1363254,132859364.59115686,11705759.445204038,11705759.445204038,34.499174233636175,0.6917570562772231,33.80741717735895,20% coverage
1,AGO,2,AFR,1918,3,3322266730.6481304,166463765.5752473,6182549.024944045,6182549.024944045,3524972189.0753837,191233651.79527456,14599816.661583535,14599816.661583535,32.78671266647786,4.006419701662042,28.780292964815818,20% coverage
1,AGO,2,AFR,1918,4,3344862120.8774953,221867938.5711236,7068657.003189684,7068657.003189684,3567712769.039869,267621686.36395434,17509250.691504624,17509250.691504624,31.52658957165607,6.472763888838384,25.05382568281769,20% coverage
1,AGO,2,AFR,1918,5,3327828321.8687916,237485140.5064562,7964987.6606855625,7964987.6606855625,3565461343.1713295,299828405.46927834,20453748.21460522,20453748.21460522,29.834700494951473,7.827164035738899,22.007536459212574,20% coverage
1,AGO,2,AFR,1918,6,3314624081.5036597,256906748.83309865,8872465.817429991,8872465.817429991,3565988938.9707565,335832965.7084538,23436900.056378003,23436900.056378003,28.330890491940767,8.895634933899016,19.435255558041753,20% coverage
1,AGO,2,AFR,1918,7,3326048740.5160985,301949084.9214094,9791907.757792903,9791907.757792903,3595704495.100032,416908992.4261297,26462006.42280305,26462006.42280305,27.53863304822571,11.740297227905284,15.798335820320425,20% coverage
1,AGO,2,AFR,1918,8,3315246355.2686186,320023689.72487724,10724086.037877813,10724086.037877813,3591742955.182526,427586138.68538445,29532134.652685307,29532134.652685307,25.782765910056366,10.02998750481796,15.752778405238406,20% coverage
1,AGO,2,AFR,1918,9,3290080244.119925,325975781.10439265,11682250.642430618,11682250.642430618,3570899555.5440483,439843166.192813,32667328.17329755,32667328.17329755,24.038117313128954,9.747041779333797,14.291075533795157,20% coverage
1,AGO,2,AFR,1918,10,3264834171.692008,331856022.15250564,12642148.400091099,12642148.400091099,3553760286.3210692,456038181.05150235,35836067.6898543,35836067.6898543,22.854194199063446,9.822868310745495,13.031325888317951,20% coverage
1,AGO,2,AFR,1918,11,3246226853.1129484,344501249.9091702,13616812.6222823,13616812.6222823,3526972368.6748486,462534521.19241583,39057913.9258338,39057913.9258338,20.61756472307575,8.668201183153403,11.949363539922345,20% coverage
1,AGO,2,AFR,1918,12,3228505487.2090807,357983994.36801887,14606944.55177206,14606944.55177206,3531852363.200232,500634135.1937639,42335312.0312647,42335312.0312647,20.767305230466587,9.76591239325539,11.001392837211197,20% coverage
1,AGO,2,AFR,1918,13,3210284824.4702296,370942160.03403306,15613155.3306967,15613155.3306967,3506966973.388578,508910078.56852984,45670579.14363244,45670579.14363244,19.002062211925075,8.836645483391877,10.165416728533199,20% coverage
1,AGO,2,AFR,1918,14,3184721139.6676507,376515851.79983443,16649483.355846915,16649483.355846915,3484970077.5120187,519995485.03994,49084607.22208896,49084607.22208896,18.03352881450988,8.617662793105158,9.415866021404721,20% coverage
1,AGO,2,AFR,1918,15,3158937907.292692,376515851.79983443,17689685.177464645,16649483.355846915,3455051362.6480613,519995485.03994,52542356.0885223,49084607.22208896,16.739328732237464,8.110920674998107,8.628408057239357,20% coverage
1,AGO,2,AFR,1918,16,3151795348.559673,405618944.331602,18747601.604296025,18747601.604296025,3462412541.106599,563303875.6860155,56064394.50805949,56064394.50805949,16.56836960284818,8.410938886085562,8.157430716762617,20% coverage
1,AGO,2,AFR,1918,17,3135620320.721845,420340968.7521536,19823837.383565865,19823837.383565865,3460485685.5143247,594084155.4242994,59652771.1877294,59652771.1877294,16.387612474151737,8.764356936068312,7.623255538083425,20% coverage
1,AGO,2,AFR,1918,18,3122214798.793242,437704801.14013255,20918914.971083347,20918914.971083347,3453400659.7454596,619557914.827532,63309467.24477132,63309467.24477132,15.831885229708266,8.693238341413924,7.138646888294343,20% coverage
1,AGO,2,AFR,1918,19,3098282582.7075796,444747744.795915,22033345.366919354,22033345.366919354,3431894403.1494875,631200842.9090341,67036426.47821147,67036426.47821147,15.141224125810208,8.462314505951419,6.678909619858789,20% coverage
1,AGO,2,AFR,1918,20,3113101626.5961194,489648351.5667727,23182499.74442934,23182499.74442934,3464851253.089497,695561472.1310502,70856430.63144204,70856430.63144204,15.173067200309221,8.882265624256402,6.29080157605282,20% coverage
1,AGO,2,AFR,1918,21,3087839775.404358,494554106.7076745,24337232.232768647,24337232.232768647,3439566670.12339,702241505.3783058,74729800.8480659,74729800.8480659,14.45221425982256,8.533731226470053,5.918483033352507,20% coverage
1,AGO,2,AFR,1918,22,3064707906.058228,501678853.43948257,25512723.63844339,25512723.63844339,3432172700.395649,726926460.3579841,78679079.868853793,78679079.868853793,14.403197382803661,8.828834197031444,5.574363185772217,20% coverage
1,AGO,2,AFR,1918,23,3046386158.940697,513001946.6502434,26709534.557769623,26709534.557769623,3422432542.2702613,748292387.399228,82706158.19041084,82706158.19041084,14.07910656459473,8.809230285914518,5.269876278680211,20% coverage
1,AGO,2,AFR,1918,24,3025633329.828964,521859168.18777186,27928145.847275533,27928145.847275533,3398577160.739079,757155384.8941828,86812896.10141169,86812896.10141169,13.353691038049934,8.425056858164636,4.928634179885298,20% coverage
1,AGO,2,AFR,1918,25,3001876851.490117,527410429.0710285,29169035.95260398,29169035.95260398,3380196543.8856034,768206795.6296363,91001152.59865475,91001152.59865475,12.96990730205168,8.255204832613313,4.714702469438368,20% coverage
1,AGO,2,AFR,1918,26,2977430204.3060308,532325864.23743474,30449230.483252518,30449230.483252518,3352288740.488081,771523260.1669959,95296245.21744584,95296245.21744584,12.310936277625387,7.855613824497893,4.455322453127494,20% coverage
1,AGO,2,AFR,1918,27,2978101218.325162,561427796.6173633,31736221.006199267,31736221.006199267,3368144572.743017,817184210.562814,99653316.96303922,99653316.96303922,12.290163795546587,8.05881752258695,4.231346272959637,20% coverage
1,GBR,2,EUR,1918,1,358314065108.541,17506697453.746788,2923181.6852580262,2923181.6852580262,373875796261.93146,19806752958.13306,5878783.783732012,5878783.783732012,5323.559336687902,786.8328937560543,4536.7264429318475,20% coverage
1,GBR,2,EUR,1918,2,354602902805.04266,24010770802.49377,3453327.9564844137,3453327.9564844137,370900819034.89325,27393612699.15371,7680445.14140282,7680445.14140282,4719.481159977151,979.5889470352444,3739.8922129419066,20% coverage
1,GBR,2,EUR,1918,3,348509957904.07434,25456734286.617477,3983499.450064816,3983499.450064816,366502303486.98303,30363881994.790268,9465019.192033809,9465019.192033809,4516.718480434568,1231.8685541912014,3284.8499262433666,20% coverage
1,GBR,2,EUR,1918,4,347287455190.8623,35301263877.931496,4499050.761818927,4499050.761818927,365221580503.1185,40545903491.87495,11214264.478123736,11214264.478123736,3986.202037206092,1165.7213691501202,2820.480668055972,20% coverage
1,GBR,2,EUR,1918,5,341638859905.8891,40311829684.624466,5007961.147080713,5007961.147080713,359555110530.9162,45940521073.3887,12940027.874296632,12940027.874296632,3577.5538385458535,1123.948693580693,2453.6051449651604,20% coverage
1,GBR,2,EUR,1918,6,336189447563.452,45131330979.86825,5510646.130306453,5510646.130306453,354046179613.4652,51107555469.1271,14643910.02727396,14643910.02727396,3240.4062296448255,1084.4870724672182,2155.9191571776073,20% coverage
1,GBR,2,EUR,1918,7,330512423602.3006,49356141802.0148,6007477.934678063,6007477.934678063,349768913990.9334,57136426554.31577,16327357.376176475,16327357.376176475,3205.420077779238,1295.1000131668254,1910.3200646124126,20% coverage
1,GBR,2,EUR,1918,8,325848969305.51874,58934910562.607475,6498798.997095238,6498798.997095238,344703748516.5327,67121945673.60818,17991681.128645908,17991681.128645908,2901.271330201392,1259.7766317530443,1641.494698448348,20% coverage
1,GBR,2,EUR,1918,9,326999636450.2689,64619026296.83713,6991879.467982794,6991879.467982794,346637509164.94446,73565146690.9728,19647416.51362769,19647416.51362769,2808.668656918538,1279.501518168574,1529.1671387499641,20% coverage
1,GBR,2,EUR,1918,10,321085040299.47845,67603508361.1127,7473110.472400937,7473110.472400937,340705702985.1133,76913689499.57014,21276973.035322223,21276973.035322223,2625.501490724138,1245.824101335183,1379.677389388955,20% coverage
1,GBR,2,EUR,1918,11,314360920223.836,72436768964.1476,7949688.792377325,7949688.792377325,334052238012.6223,82605300896.92867,22890651.842940696,22890651.842940696,2476.992282725284,1279.1106920476325,1197.8815906776515,20% coverage
1,GBR,2,EUR,1918,12,313026517096.8735,76455626985.36806,8421867.893126108,8421867.893126108,333104360244.1762,86934367475.73622,24489347.98137497,24489347.98137497,2384.013071932675,1244.2299764546137,1139.7830954780611,20% coverage
1,GBR,2,EUR,1918,13,306761599109.05676,81014296313.22075,8889870.303936465,8889870.303936465,326899373450.3534,92277694015.16986,26073872.242699053,26073872.242699053,2265.2495090259704,1266.9923538661346,998.2571551598357,20% coverage
1,GBR,2,EUR,1918,14,302533109685.19257,81743388363.24744,9360505.807624923,9360505.807624923,323272990232.87317,93547494427.27493,27653866.00804984,27653866.00804984,2215.679470097248,1261.0542962766024,954.6251738206458,20% coverage
1,GBR,2,EUR,1918,15,297732130055.4213,84430796705.17627,9820760.837595029,9820760.837595029,318271004308.0687,96352031030.51288,29212211.403084245,29212211.403084245,2091.373020104733,1213.8809326972632,877.4920874074696,20% coverage
1,GBR,2,EUR,1918,16,294032963905.11847,87973725993.7825,10277389.281221084,10277389.281221084,314542805623.34155,100166079592.92899,30758398.132682994,30758398.132682994,1995.6276012332048,1186.3278956869365,809.2997055462683,20% coverage
1,GBR,2,EUR,1918,17,290437900647.9295,91375743836.18916,10730556.7118031,10730556.7118031,310907274219.17084,103817668600.99759,32292984.338220786,32292984.338220786,1907.577968319761,1159.4854860720231,748.092482247738,20% coverage
1,GBR,2,EUR,1918,18,288784506674.2915,96483598589.9675,11180405.221528921,11180405.221528921,309507677679.01025,109458841973.76851,33816474.98682942,33816474.98682942,1853.52593167324,1160.5342674714473,692.9916642017927,20% coverage
1,GBR,2,EUR,1918,19,282840607552.3603,97073231714.5702,11627064.494497238,11627064.494497238,303749221712.17505,110503265938.17859,35329329.431362525,35329329.431362525,1798.2711087317196,1155.066631819617,643.2044769121026,20% coverage
1,GBR,2,EUR,1918,20,282370513108.28577,102916602971.79897,12076947.613563342,12076947.613563342,303333323148.9789,116660365712.57256,36840472.75730729,36840472.75730729,1735.7705532439559,1138.0162587886268,597.754294455329,20% coverage
1,GBR,2,EUR,1918,21,276913742429.5186,103557181227.1658,12517584.793094113,12517584.793094113,298018748922.1766,117696800237.02167,38333289.39397322,38333289.39397322,1686.0286422266922,1129.5804457147851,556.4481965119071,20% coverage
1,GBR,2,EUR,1918,22,274014936369.56128,106555385626.16383,12955347.724002058,12955347.724002058,294995006191.9814,120809553345.14401,39816608.978935204,39816608.978935204,1619.4138721225397,1100.2535804246943,519.1602916978454,20% coverage
1,GBR,2,EUR,1918,23,271923290891.78052,110161283248.17682,13390335.614100875,13390335.614100875,293143634130.3259,124887399286.46179,41290748.990923576,41290748.990923576,1584.7506627241694,1099.757053346552,484.9936093776173,20% coverage
1,GBR,2,EUR,1918,24,267650624195.12997,113320549540.94656,13822630.21195623,13822630.21195623,288922938008.83765,128595974987.605,42755995.48647988,42755995.48647988,1538.948339608163,1105.1026622592833,433.8456773488797,20% coverage
1,GBR,2,EUR,1918,25,264810417901.79718,113873518583.77097,14252305.990638921,14252305.990638921,286501452734.22107,129509477458.99321,44212608.574767105,44212608.574767105,1521.9315980635563,1097.0827377332569,424.84886033029943,20% coverage
1,GBR,2,EUR,1918,26,261538496343.67297,115741838388.3205,14685482.044966366,14685482.044966366,283124366311.5618,131480656489.11908,45669019.514908694,45669019.514908694,1469.8782036431473,1071.72635209433,398.1518515488174,20% coverage
1,GBR,2,EUR,1918,27,257197558138.38846,116364810489.51802,15110129.059874138,15110129.059874138,279265709620.56824,132789457302.3841,47109072.022824585,47109072.022824585,1460.487292645507,1086.9957991611545,373.49149348435253,20% coverage
1,AGO,2,AFR,1918,1,3046933746.460303,159218105.60078317,13394095.006225541,13394095.006225541,3558166931.6554832,148813299.57018197,26302203.246092126,26302203.246092126,38.168550018314825,-0.7768203843384026,38.945370402653225,70% coverage
1,AGO,2,AFR,1918,2,3026052530.552259,179213297.91749132,16093453.244594218,16093453.244594218,3534593967.0822864,164504091.53712484,34926393.84345477,34926393.84345477,31.59927386627517,-0.9139869583494946,32.513260824624666,70% coverage
1,AGO,2,AFR,1918,3,3011207827.236379,199119839.20284346,18846597.056936424,18846597.056936424,3564103832.5237007,230365295.2435947,43744076.48514691,43744076.48514691,29.33664913708282,1.6578831683171933,27.678765968765624,70% coverage
1,AGO,2,AFR,1918,4,3003652352.7752795,221848339.34362203,21603258.727435037,21603258.727435037,3614246528.205704,314155445.529774,52685737.51398775,52685737.51398775,28.26398475962338,4.272832508779181,23.9911522508442,70% coverage
1,AGO,2,AFR,1918,5,3003298125.5536633,251110126.834394,24392246.16108112,24392246.16108112,3619345213.81334,353712276.111279,61799777.73094571,61799777.73094571,25.255857299546552,4.206342810716266,21.049514488830287,70% coverage
1,AGO,2,AFR,1918,6,2993628286.2193184,269698451.39918315,27217895.134095643,27217895.134095643,3627175204.971418,397019231.7090983,71096305.78612012,71096305.78612012,23.276852072167046,4.677833450479475,18.59901862168757,70% coverage
1,AGO,2,AFR,1918,7,2984694691.1459093,287952873.15645534,30083332.969607633,30083332.969607633,3664148726.432787,485353223.7588846,80584624.68234643,80584624.68234643,22.585729977902098,6.5617845868959215,16.023945391006176,70% coverage
1,AGO,2,AFR,1918,8,2975620699.403837,305896638.8941566,32991237.96538842,32991237.96538842,3667403637.806739,503246821.3095829,90273783.79755023,90273783.79755023,20.96868687160697,5.981896848565343,14.986790023041626,70% coverage
1,AGO,2,AFR,1918,9,2966688655.402231,323714351.0596588,35975548.96330361,35975548.96330361,3653767382.313156,522710992.9619235,100217785.68468185,100217785.68468185,19.098491800966556,5.531441427210703,13.567050373755853,70% coverage
1,AGO,2,AFR,1918,10,2958032544.664063,341121271.60458696,38978771.21196335,38978771.21196335,3643770414.169789,546048308.9002175,110336501.64835304,110336501.64835304,17.592598437152876,5.257401167965358,12.335197269187518,70% coverage
1,AGO,2,AFR,1918,11,2947959037.0838943,358288386.3203839,42029510.36833734,42029510.36833734,3624089498.251772,559651650.7693312,120681444.02215779,120681444.02215779,16.08704111093419,4.790997151388255,11.296043959545937,70% coverage
1,AGO,2,AFR,1918,12,2937864932.482699,375236049.7142808,45131346.74348957,45131346.74348957,3636043665.7783446,604825437.771875,131261741.09198785,131261741.09198785,15.469929077539916,5.087137978897421,10.382791098642496,70% coverage
1,AGO,2,AFR,1918,13,2927560601.0004106,391972948.8668936,48286822.3351321,48286822.3351321,3618201236.03468,620144341.2146282,142085805.42677677,142085805.42677677,14.302880198678535,4.725334600900497,9.577545597778037,70% coverage
1,AGO,2,AFR,1918,14,2917195693.6732297,408683141.2594494,51531921.402774796,51531921.402774796,3603246331.2803907,638271738.8083068,153212233.43176582,153212233.43176582,13.313119692257775,4.455269497024711,8.857850195233064,70% coverage
1,AGO,2,AFR,1918,15,2901175437.6522326,408683141.2594494,54804446.91001338,51531921.402774796,3580313469.0477247,638271738.8083068,164550426.9703792,153212233.43176582,12.39202418209983,4.189233000121912,8.202791181977918,70% coverage
1,AGO,2,AFR,1918,16,2895796472.936747,441217650.7152195,58134519.53272273,58134519.53272273,3594632212.8580136,695523547.4374332,176156456.31719333,176156456.31719333,12.021011707646544,4.37443878037162,7.646572927274923,70% coverage
1,AGO,2,AFR,1918,17,2884553472.695563,457200698.3205678,61525588.50118205,61525588.50118205,3599636205.9318624,733234675.8418473,188039370.0059862,188039370.0059862,11.622525694696298,4.4864906495933194,7.136035045102979,70% coverage
1,AGO,2,AFR,1918,18,2873249098.9229593,473006971.3657813,64979996.27028265,64979996.27028265,3599456133.790007,765613388.8720855,200207519.84778973,200207519.84778973,11.175855287008758,4.503022996326672,6.672832290682086,70% coverage
1,AGO,2,AFR,1918,19,2861871843.224507,488745949.97638977,68499718.65669698,68499718.65669698,3584829617.516161,784136057.2757162,212669264.56414247,212669264.56414247,10.554171439957777,4.31228205154748,6.241889388410297,70% coverage
1,AGO,2,AFR,1918,20,2855033025.822256,508703260.28119004,72124076.59400265,72124076.59400265,3624669792.1211233,855380011.1626846,225490785.47061107,225490785.47061107,10.671010328926208,4.806671603339762,5.864338725586446,70% coverage
1,AGO,2,AFR,1918,21,2843523110.627709,528919657.18207586,75783765.01566592,75783765.01566592,3606217488.8748026,868892324.129731,238566962.27972868,238566962.27972868,10.064086656151625,4.4860883710036905,5.577998285147935,70% coverage
1,AGO,2,AFR,1918,22,2837267958.317759,544137721.3673064,79511653.32784696,79511653.32784696,3605631392.552767,900385152.515108,251961270.73280954,251961270.73280954,9.663532351249797,4.480443007252057,5.18308934399774,70% coverage
1,AGO,2,AFR,1918,23,2825751574.9105234,559138945.8547052,83311258.22134882,83311258.22134882,3602675704.782348,928535549.9113196,265683287.2389406,265683287.2389406,9.325559911814356,4.433933803702357,4.891626108111999,70% coverage
1,AGO,2,AFR,1918,24,2814262993.2857623,573981718.4074745,87184880.1536098,87184880.1536098,3585581730.039232,944159954.1943399,279741865.3226215,279741865.3226215,8.846932351050938,4.24589946255192,4.601032888499018,70% coverage
1,AGO,2,AFR,1918,25,2802848178.32511,588674111.3053306,91134437.72819576,91134437.72819576,3573939716.340032,961949968.0840714,294145946.4449694,294145946.4449694,8.461033581121848,4.095881492043861,4.365152089077987,70% coverage
1,AGO,2,AFR,1918,26,2791659009.2869444,603468450.6007864,95203657.86145069,95203657.86145069,3552775629.370543,972010149.0494609,308971322.2380802,308971322.2380802,7.994615303450284,3.8710875897752897,4.123527713674994,70% coverage
1,AGO,2,AFR,1918,27,2775916692.8279066,617933124.9278355,99314812.24224046,99314812.24224046,3575326334.1670513,1024365971.9868501,324096028.53001374,324096028.53001374,8.049248881317833,4.0923688811662595,3.956880000151574,70% coverage
1,GBR,2,EUR,1918,1,326234997387.0381,12649884850.162453,9121852.591787908,9121852.591787908,374051118545.5489,19982075241.74921,18010459.99966749,18010459.99966749,5241.930921089212,803.8049637184093,4438.125957370802,70% coverage
1,GBR,2,EUR,1918,2,319745349355.65137,15948772958.55724,10802859.934644641,10802859.934644641,371126921823.72363,27619715487.98376,23547649.486890174,23547649.486890174,4756.293498103422,1080.3567388667097,3675.9367592367125,70% coverage
1,GBR,2,EUR,1918,3,312810214982.2691,17044388557.79696,12479306.138661826,12479306.138661826,366777307910.0974,30638886417.903004,29037456.780891992,29037456.780891992,4324.526726741177,1089.3632794205816,3235.163447320596,70% coverage
1,GBR,2,EUR,1918,4,310239046237.6719,24706728117.54014,14112830.926664876,14112830.926664876,365543279342.8619,40867602331.616974,34430836.68788558,34430836.68788558,3918.7200209915236,1145.119239226651,2773.6007817648724,70% coverage
1,GBR,2,EUR,1918,5,304397625052.67035,28712495246.525982,15723457.261552412,15723457.261552412,359921620807.7848,46307031350.255974,39758697.90737541,39758697.90737541,3531.2841718903514,1118.9992004336611,2412.28497145669,70% coverage
1,GBR,2,EUR,1918,6,298902406282.5716,32638686771.020622,17313362.161900952,17313362.161900952,354455722110.2348,51517097965.895996,45025431.53115302,45025431.53115302,3208.695994929943,1090.3954424530207,2118.3005524769223,70% coverage
1,GBR,2,EUR,1918,7,291710545945.3521,34496309651.135895,18884027.621234637,18884027.621234637,350219802707.58453,57587315270.965706,50234835.88146635,50234835.88146635,3098.346281618449,1222.7796994887112,1875.566582129738,70% coverage
1,GBR,2,EUR,1918,8,286626769217.33777,41783489329.354256,20436661.81428811,20436661.81428811,345194383844.9456,67612581002.02015,55390390.08971161,55390390.08971161,2865.8112151496694,1263.8606004923815,1601.9506146572878,70% coverage
1,GBR,2,EUR,1918,9,285359436414.5264,45256297216.87621,21990789.51588283,21990789.51588283,347166546247.40094,74094183773.42903,60520419.93089376,60520419.93089376,2810.5907606561545,1311.362037989799,1499.2287226663555,70% coverage
1,GBR,2,EUR,1918,10,279251144449.2309,47218945410.92054,23511774.35215513,23511774.35215513,341271526890.0979,77479513404.55434,65578010.39148126,65578010.39148126,2637.843554975344,1287.038891254928,1350.8046637204159,70% coverage
1,GBR,2,EUR,1918,11,271795273748.1255,49605404182.49828,25016752.37238777,25016752.37238777,334653470555.26715,83206533439.57332,70590282.96928218,70590282.96928218,2512.644162258302,1343.1451355837166,1169.4990266745854,70% coverage
1,GBR,2,EUR,1918,12,270111933398.74188,53494021946.959335,26507165.71072667,26507165.71072667,333739690972.5027,87569698204.06221,75559977.39990677,75559977.39990677,2400.3983778625006,1285.526963877298,1114.8714139852027,70% coverage
1,GBR,2,EUR,1918,13,263129350733.5516,55762385527.137184,27983953.432891108,27983953.432891108,327567552620.3737,92945873185.189,80489371.41520615,80489371.41520615,2302.6840021497565,1328.7431937457407,973.9408084040158,70% coverage
1,GBR,2,EUR,1918,14,258760693870.5389,56519284294.141754,29465260.929144002,29465260.929144002,323972968063.0593,94247472257.45996,85404477.88857032,85404477.88857032,2213.1918108357613,1280.4294539948014,932.7623568409599,70% coverage
1,GBR,2,EUR,1918,15,253569198697.9477,58128559997.380615,30918213.456004873,30918213.456004873,319001500912.9467,97082527635.39099,90259724.54026559,90259724.54026559,2116.3028163999847,1259.903574100101,856.3992422998838,70% coverage
1,GBR,2,EUR,1918,16,249786657439.02563,60963662684.50239,32358635.054620683,32358635.054620683,315302727991.1692,100926001960.7571,95080101.74146403,95080101.74146403,2024.6858509808535,1234.9822298993495,789.703621081504,70% coverage
1,GBR,2,EUR,1918,17,246151344183.65082,63717212069.16859,33787668.885386996,33787668.885386996,311695578477.52545,104605972859.35254,99867467.54818437,99867467.54818437,1939.8862501053513,1210.168151253197,729.7180988521543,70% coverage
1,GBR,2,EUR,1918,18,243703214322.08936,67442931423.41071,35205985.25954353,35205985.25954353,310323363963.8678,110274528258.62646,104623291.50649819,104623291.50649819,1892.2961294974484,1216.5998627635365,675.6962667339119,70% coverage
1,GBR,2,EUR,1918,19,237790463683.463,67497910768.340164,36614082.643825695,36614082.643825695,304591331504.4214,111345375730.42314,109348905.67704011,109348905.67704011,1824.458323066115,1197.5573821860332,626.9009408800819,70% coverage
1,GBR,2,EUR,1918,20,236640836727.786,72117170771.93675,38028854.68580643,38028854.68580643,304201051661.5941,117528094225.1854,114068404.0411669,114068404.0411669,1776.5513974057103,1194.1175675268871,582.4338298788232,70% coverage
1,GBR,2,EUR,1918,21,231138375996.11517,72168446787.65921,39418981.96013645,39418981.96013645,298911101584.00464,118589152898.84674,118737535.0118041,118737535.0118041,1719.2916259589488,1177.6231602868834,541.6684656720654,70% coverage
1,GBR,2,EUR,1918,22,228022945491.82922,74456538009.45056,40799165.154535115,40799165.154535115,295911132949.7906,121725680102.95103,123379519.42439534,123379519.42439534,1663.9602109705206,1158.581111021733,505.3790999487876,70% coverage
1,GBR,2,EUR,1918,23,225032251349.41315,76681927993.61913,42170311.9235624,42170311.9235624,294082719916.43414,125826485072.56822,127995544.33086477,127995544.33086477,1637.4189665037663,1165.3828211664206,472.0361453373457,70% coverage
1,GBR,2,EUR,1918,24,220255288132.86282,78268794021.111,43532885.17002699,43532885.17002699,289884199123.60864,129557236102.37387,132586467.65579964,132586467.65579964,1599.4554626644942,1178.1539836136499,421.30147905084436,70% coverage
1,GBR,2,EUR,1918,25,217203386162.7517,78763168428.92818,44887195.80148685,44887195.80148685,287484135178.81433,130492159903.5848,137153060.58562034,137153060.58562034,1565.7193050525698,1152.4219891887997,413.2973158637701,70% coverage
1,GBR,2,EUR,1918,26,213638333536.8716,79905210953.3217,46249266.88781893,46249266.88781893,284127837062.9264,132484127240.48137,141718091.01997042,141718091.01997042,1524.1215324997986,1136.8594536794233,387.26207882037534,70% coverage
1,GBR,2,EUR,1918,27,209149202037.636,79946705521.01447,47588992.74105885,47588992.74105885,280289179378.53436,133812927060.34831,146238450.57709268,146238450.57709268,1494.8830232231455,1131.90505696203,362.9779662611156,70% coverage
1,AGO,2,AFR,1918,1,8199610906.076326,146764941.19395295,11167849.076355861,11167849.076355861,9434984808.76208,143401053.11976615,22390409.370859757,22390409.370859757,110.6187856085232,-0.301211813589843,110.91999742211304,Increased LMIC CFR
1,AGO,2,AFR,1918,2,8109794433.226002,163233231.85303542,13378399.873301271,13378399.873301271,9339621746.700993,157431798.0224959,29739430.840214662,29739430.840214662,91.92633836048714,-0.4336418320188807,92.35998019250601,Increased LMIC CFR
1,AGO,2,AFR,1918,3,8031433650.753513,180176407.00174654,15644206.102377323,15644206.102377323,9300792206.872393,221648985.1292857,37256372.51671016,37256372.51671016,81.13921203876144,2.6509864326855745,78.48822560607587,Increased LMIC CFR
1,AGO,2,AFR,1918,4,7977925942.538698,213959771.66571134,17908047.44205513,17908047.44205513,9285047422.5726,303807611.14452785,44868450.773988545,44868450.773988545,72.99073136048695,5.017176761985703,67.97355459850124,Increased LMIC CFR
1,AGO,2,AFR,1918,5,7912713893.659094,232769401.99316645,20201396.316500068,20201396.316500068,9225999324.734402,341746000.94089985,52624003.49145651,52624003.49145651,65.00963648748599,5.394508242914063,59.61512824457193,Increased LMIC CFR
1,AGO,2,AFR,1918,6,7846888075.893604,248170096.82882327,22526804.767234128,22526804.767234128,9170917339.421791,383445781.68597776,60531028.84447864,60531028.84447864,58.77572417434117,6.005098648252005,52.77062552608916,Increased LMIC CFR
1,AGO,2,AFR,1918,7,7783741679.261685,264093438.83328208,24886343.158545267,24886343.158545267,9145860859.713932,470182659.21646315,68597118.34735207,68597118.34735207,54.73360114720324,8.281217496288354,46.45238365091488,Increased LMIC CFR
1,AGO,2,AFR,1918,8,7722420167.000544,281092047.26811856,27281980.178140335,27281980.178140335,9087726682.915092,486488119.5906786,76829615.83667327,76829615.83667327,50.04426024062944,7.528635054398781,42.51562518623066,Increased LMIC CFR
1,AGO,2,AFR,1918,9,7659504249.297698,295819452.2729915,29747696.07164118,29747696.07164118,9013183645.240232,504373126.16803414,85281732.30248006,85281732.30248006,45.50535250469405,7.010750459221589,38.49460204547246,Increased LMIC CFR
1,AGO,2,AFR,1918,10,7597079732.257913,310160160.1039829,32221626.901829097,32221626.901829097,8942659026.022474,526136805.18183744,93869185.8288895,93869185.8288895,41.76012893030483,6.702847306123899,35.05728162418093,Increased LMIC CFR
1,AGO,2,AFR,1918,11,7533601832.442603,324313355.9896481,34736656.395192176,34736656.395192176,8862773306.168243,538173345.2566001,102643778.35570775,102643778.35570775,38.26423184211846,6.156608363047629,32.10762347907083,Increased LMIC CFR
1,AGO,2,AFR,1918,12,7470194720.278858,338297848.8135673,37294859.49993248,37294859.49993248,8814816376.871122,581785888.5310354,111612352.81368954,111612352.81368954,36.05380673426853,6.528729239961581,29.525077494306945,Increased LMIC CFR
1,AGO,2,AFR,1918,13,7406690832.343037,352106598.2055208,39897855.06691078,39897855.06691078,8737348568.711239,595548428.2815969,120781531.4297,120781531.4297,33.35161086069965,6.101627008966058,27.249983851733592,Increased LMIC CFR
1,AGO,2,AFR,1918,14,7343290132.510093,365927938.6811066,42581941.827500515,42581941.827500515,8663060895.480606,612124741.592957,130209209.34211048,130209209.34211048,30.993672583484003,5.781718548890839,25.211954034593163,Increased LMIC CFR
1,AGO,2,AFR,1918,15,7280305046.728239,365927938.6811066,45279750.77316025,42581941.827500515,8581100206.124924,612124741.592957,139800225.5741635,130209209.34211048,28.727966412918864,5.437238472120401,23.29072794079846,Increased LMIC CFR
1,AGO,2,AFR,1918,16,7216515188.200879,392829742.92822367,48026477.03707782,48026477.03707782,8536718373.069786,666282769.7057574,149611185.63334358,149611185.63334358,27.489069911367267,5.693797331135076,21.79527258023219,Increased LMIC CFR
1,AGO,2,AFR,1918,17,7153710475.501821,406819021.31759477,50824015.388966806,50824015.388966806,8483371510.551536,702451911.8977404,159648717.96676826,159648717.96676826,26.162061869247076,5.816795235827105,20.34526663341997,Increased LMIC CFR
1,AGO,2,AFR,1918,18,7090289152.495254,419866008.1003664,53673801.349241726,53673801.349241726,8425214283.502927,733291225.5843577,169919312.5824651,169919312.5824651,24.87107485310489,5.839445122297439,19.031629730807452,Increased LMIC CFR
1,AGO,2,AFR,1918,19,7027094998.640957,432903400.2802919,56577243.741650775,56577243.741650775,8353008067.04217,750276782.553427,180429480.88657138,180429480.88657138,23.435448260006137,5.609558919525318,17.82588934048082,Increased LMIC CFR
1,AGO,2,AFR,1918,20,6976873934.759282,458214781.4156568,59574411.48973728,59574411.48973728,8335689512.240563,819986500.2353894,191244637.5024772,191244637.5024772,22.80871171871099,6.0726024776938665,16.73610924101712,Increased LMIC CFR
1,AGO,2,AFR,1918,21,6920243998.705445,476224701.65610784,62589971.80255039,62589971.80255039,8260518260.2923,831964982.6246969,202254806.29942203,202254806.29942203,21.413562316579316,5.683662585610774,15.729899730968542,Increased LMIC CFR
1,AGO,2,AFR,1918,22,6857798536.984416,488798969.70755947,65662831.006842606,65662831.006842606,8203674071.565793,861926137.0787891,213524118.17998168,213524118.17998168,20.49676375423298,5.682471523841954,14.814292230391025,Increased LMIC CFR
1,AGO,2,AFR,1918,23,6796022544.696976,501176965.21498215,68794843.77296926,68794843.77296926,8144937678.24196,888546326.8562233,225059484.21565783,225059484.21565783,19.607794124753823,5.630790629012892,13.97700349574093,Increased LMIC CFR
1,AGO,2,AFR,1918,24,6734641770.519394,513410474.9130007,71987379.94622251,71987379.94622251,8072555302.289402,902641828.28938,236867732.2642909,236867732.2642909,18.585390005435446,5.406938739361689,13.178451266073758,Increased LMIC CFR
1,AGO,2,AFR,1918,25,6673776878.857503,525516970.55663675,75241803.90806709,75241803.90806709,8006130055.287316,918904132.5830859,248955782.98708135,248955782.98708135,17.707618733566335,5.228305829922718,12.479312903643617,Increased LMIC CFR
1,AGO,2,AFR,1918,26,6613604433.7905445,537780941.6677366,78602814.83048499,78602814.83048499,7930699416.404231,927438351.1235416,261398374.8640472,261398374.8640472,16.756333541669427,4.957295871606393,11.799037670063035,Increased LMIC CFR
1,AGO,2,AFR,1918,27,6555177984.969013,550348059.7170274,81985842.7353085,81985842.7353085,7899507404.423372,978268048.2038454,274068550.4195084,274068550.4195084,16.397092163759662,5.219437578611696,11.177654585147966,Increased LMIC CFR
1,GBR,2,EUR,1918,1,335482963366.72406,14224057858.037775,7326984.114179065,7326984.114179065,374003907349.02594,19934864045.226948,14744473.173328124,14744473.173328124,5257.407875056908,779.4211230972522,4477.9867519596555,Increased LMIC CFR
1,GBR,2,EUR,1918,2,330535249742.719,19074442291.791943,8659075.035222549,8659075.035222549,371066208605.4305,27559002269.69119,19288423.830525823,19288423.830525823,4680.749236823051,979.8459931790143,3700.903243644037,Increased LMIC CFR
1,GBR,2,EUR,1918,3,322986416868.0206,19311542137.356033,9991797.103548853,9991797.103548853,366703673464.23553,30565251972.041443,23799201.816554032,23799201.816554032,4375.314684951675,1126.2948714889692,3249.019813462706,Increased LMIC CFR
1,GBR,2,EUR,1918,4,320808120298.7063,27615417159.10306,11288393.561178258,11288393.561178258,365457309576.1728,40781632564.928894,28229905.877334885,28229905.877334885,3955.3182687587046,1166.3497852436296,2788.9684835150747,Increased LMIC CFR
1,GBR,2,EUR,1918,5,315140258766.4094,32009385907.600967,12568762.862111181,12568762.862111181,359823853713.0411,46209264255.51204,32609457.405287415,32609457.405287415,3555.1307186589825,1129.7753409539555,2425.355377705027,Increased LMIC CFR
1,GBR,2,EUR,1918,6,309743381083.0362,36277061749.920395,13833955.133122537,13833955.133122537,354346661662.2295,51408037517.89033,36941158.24401316,36941158.24401316,3224.1886105586673,1093.7563135319087,2130.4322970267585,Increased LMIC CFR
1,GBR,2,EUR,1918,7,302673973577.8446,38508852150.80205,15084872.726328967,15084872.726328967,350099924054.52295,57467436617.90319,41227998.7428518,41227998.7428518,3143.94104193545,1256.79445965832,1887.14658227713,Increased LMIC CFR
1,GBR,2,EUR,1918,8,297794931202.369,46600960544.173805,16322345.670162708,16322345.670162708,345064135467.481,67482332624.55573,45472705.575772695,45472705.575772695,2895.9810814152916,1279.3119630196984,1616.6691183955932,Increased LMIC CFR
1,GBR,2,EUR,1918,9,297493249598.1099,50937941108.08627,17564648.185071543,17564648.185071543,347026337612.5569,73953975138.58371,49701608.18457055,49701608.18457055,2820.044414925764,1310.361231718783,1509.683183206981,Increased LMIC CFR
1,GBR,2,EUR,1918,10,291520056834.57263,53298107946.79077,18777539.89832733,18777539.89832733,341121769901.2716,77329756415.72728,53869421.322387174,53869421.322387174,2641.5448101972834,1279.8081430825348,1361.7366671147486,Increased LMIC CFR
1,GBR,2,EUR,1918,11,284679667902.46985,56832367975.74036,19979026.81101108,19979026.81101108,334494547278.68884,83047610162.99399,58001894.357978135,58001894.357978135,2493.3586529231957,1312.138095375375,1181.2205575478206,Increased LMIC CFR
1,GBR,2,EUR,1918,12,282804279047.5818,60434798323.96501,21169763.456479758,21169763.456479758,333571960904.35724,87401968135.91632,62100935.87662811,62100935.87662811,2398.122301231297,1273.8531475512093,1124.2691536800878,Increased LMIC CFR
1,GBR,2,EUR,1918,13,276414693703.49335,63799427028.72525,22350289.81108923,22350289.81108923,327391356636.55096,92769677201.36615,66168268.30753141,66168268.30753141,2280.8054554963865,1296.1912537826306,984.6142017137558,Increased LMIC CFR
1,GBR,2,EUR,1918,14,271532577808.72964,63958882524.40864,23537759.244801745,23537759.244801745,323788619597.86725,94063123792.26743,70228325.38068983,70228325.38068983,2220.0941578871075,1278.976514066743,941.1176438203645,Increased LMIC CFR
1,GBR,2,EUR,1918,15,266803759682.67264,66246882860.145515,24699382.849593766,24699382.849593766,318809315334.3439,96890342056.78824,74236939.62094617,74236939.62094617,2105.5406917799396,1240.6568772687663,864.8838145111733,Increased LMIC CFR
1,GBR,2,EUR,1918,16,263115741878.74008,69354515042.53714,25852092.330670454,25852092.330670454,315103000429.2799,100726274398.86623,78218123.95135903,78218123.95135903,2010.9497477255675,1213.5094890988842,797.4402586266833,Increased LMIC CFR
1,GBR,2,EUR,1918,17,259551401951.41104,72356809733.7383,26996327.44816146,26996327.44816146,311488587863.2691,104398982245.09532,82173088.71052606,82173088.71052606,1923.8611626558545,1186.9085738748959,736.9525887809586,Increased LMIC CFR
1,GBR,2,EUR,1918,18,257437920965.2625,76589859319.97646,28132433.3099925,28132433.3099925,310109376120.3075,110060540415.06482,86102919.1496856,86102919.1496856,1872.2680180081097,1189.754214513671,682.5138034944387,Increased LMIC CFR
1,GBR,2,EUR,1918,19,251351930202.33774,76637891155.26077,29260724.746352717,29260724.746352717,304370600112.5121,111124644338.51363,90008603.75993156,90008603.75993156,1811.939737302064,1178.6021529610796,633.3375843409844,Increased LMIC CFR
1,GBR,2,EUR,1918,20,250585607322.90732,81800190529.15764,30397386.712031364,30397386.712031364,303973811760.99207,117300854324.58339,93913010.76434596,93913010.76434596,1756.341916621193,1167.8853886927884,588.4565279284045,Increased LMIC CFR
1,GBR,2,EUR,1918,21,244911184749.76624,81847784419.5196,31510960.040098693,31510960.040098693,298677589990.4471,118355641305.29025,97773144.95044103,97773144.95044103,1706.2763296409057,1158.5764711488714,547.6998584920343,Increased LMIC CFR
1,GBR,2,EUR,1918,22,242211736358.36554,84689710169.72498,32617446.944978006,32617446.944978006,295671573271.96674,121486120425.12769,101611570.65733495,101611570.65733495,1638.9951366758403,1128.1204907752024,510.8746459006379,Increased LMIC CFR
1,GBR,2,EUR,1918,23,239628575818.7065,87460838604.93935,33717124.53802802,33717124.53802802,293837324477.1582,125581089633.29245,105428986.13757597,105428986.13757597,1607.7512362393804,1130.5902134495188,477.1610227898616,Increased LMIC CFR
1,GBR,2,EUR,1918,24,235263057929.82272,89793376425.53615,34810191.532793336,34810191.532793336,289633171305.4881,129306208284.25365,109226009.67831826,109226009.67831826,1561.9021608785288,1135.0937791162105,426.8083817623183,Increased LMIC CFR
1,GBR,2,EUR,1918,25,231885468645.4441,89892417268.34941,35896828.78741524,35896828.78741524,287227670033.674,130235694758.44379,113003203.45389593,113003203.45389593,1541.7016839000514,1123.8674516072565,417.8342322927949,Increased LMIC CFR
1,GBR,2,EUR,1918,26,228739034254.62778,91578227093.88976,36992501.64267128,36992501.64267128,283866116346.86707,132222406524.42276,116782332.358921,116782332.358921,1490.2231437262292,1098.7139994784638,391.50914424776533,Increased LMIC CFR
1,GBR,2,EUR,1918,27,224112564245.74557,91614937027.5161,38066830.42208807,38066830.42208807,280022386557.41125,133546134239.22511,120521470.81754658,120521470.81754658,1468.7280682876162,1101.5153283520729,367.21273993554337,Increased LMIC CFR
1,AGO,2,AFR,1918,1,3217367195.2216763,146841694.73418164,11167849.076355861,11167849.076355861,3657348275.395502,144533694.06905377,22390409.370859757,22390409.370859757,39.397119101952825,-0.20666474352830244,39.603783845481125,DALY 0% discount rate
1,AGO,2,AFR,1918,2,3274863314.7211385,163325093.58719438,13378399.873301271,13378399.873301271,3722141215.577861,158774305.55903548,29739430.840214662,29739430.840214662,33.43283988314153,-0.34015936668485486,33.77299924982639,DALY 0% discount rate
1,AGO,2,AFR,1918,3,3337083608.246599,180328515.56181154,15644206.102377323,15644206.102377323,3843862897.2841773,226421203.09998065,37256372.51671016,37256372.51671016,32.39405603078618,2.9463104255040964,29.447745605282087,DALY 0% discount rate
1,AGO,2,AFR,1918,4,3421506922.580308,216048655.2823672,17908047.44205513,17908047.44205513,3989710938.88051,314644060.4259863,44868450.773988545,44868450.773988545,31.7289764916434,5.505647975450319,26.22332851619308,DALY 0% discount rate
1,AGO,2,AFR,1918,5,3490956141.216873,235232187.45359972,20201396.316500068,20201396.316500068,4088313124.6449614,355809035.1552247,52624003.49145651,52624003.49145651,29.570083872874658,5.968738289795363,23.601345583079294,DALY 0% discount rate
1,AGO,2,AFR,1918,6,3558063970.8024836,250669142.83985895,22526804.767234128,22526804.767234128,4191277974.7506337,401790645.6424404,60531028.84447864,60531028.84447864,28.109357296387536,6.708519222503846,21.40083807388369,DALY 0% discount rate
1,AGO,2,AFR,1918,7,3627585275.3865085,266755977.37866443,24886343.158545267,24886343.158545267,4329448990.520441,500999229.47451574,68597118.34735207,68597118.34735207,28.20276609795652,9.41252198458972,18.7902441133668,DALY 0% discount rate
1,AGO,2,AFR,1918,8,3699210847.5775003,284207343.9736135,27281980.178140335,27281980.178140335,4430117970.289021,518617416.77415156,76829615.83667327,76829615.83667327,26.790838419315286,8.592120926338,18.198717492977288,DALY 0% discount rate
1,AGO,2,AFR,1918,9,3769159043.783018,298936481.81192255,29747696.07164118,29747696.07164118,4512074433.441264,538438184.4007416,85281732.30248006,85281732.30248006,24.973879922300128,8.051100899109251,16.922779023190877,DALY 0% discount rate
1,AGO,2,AFR,1918,10,3839687064.262465,313277834.4654175,32221626.901829097,32221626.901829097,4599777488.8990965,563458867.1543622,93869185.8288895,93869185.8288895,23.589449004310953,7.764382396059054,15.825066608251898,DALY 0% discount rate
1,AGO,2,AFR,1918,11,3910423921.1547527,327431465.16162574,34736656.395192176,34736656.395192176,4676234213.750742,576337094.4593959,102643778.35570775,102643778.35570775,22.04617174098493,7.165503394052072,14.88066834693286,DALY 0% discount rate
1,AGO,2,AFR,1918,12,3981752473.905022,341418705.8833869,37294859.49993248,37294859.49993248,4794792818.469297,630396443.3641151,111612352.81368954,111612352.81368954,21.800332685681447,7.7484602799281594,14.051872405753286,DALY 0% discount rate
1,AGO,2,AFR,1918,13,4053645684.8511744,355228385.3103488,39897855.06691078,39897855.06691078,4875614238.655692,645801357.2996533,120781531.4297,120781531.4297,20.601823141269968,7.2829221395986945,13.318901001671273,DALY 0% discount rate
1,AGO,2,AFR,1918,14,4126306417.2370987,369049726.30369914,42581941.827500515,42581941.827500515,4961277739.635049,665099605.8820527,130209209.34211048,130209209.34211048,19.608577875110058,6.952474849025248,12.65610302608481,DALY 0% discount rate
1,AGO,2,AFR,1918,15,4199684530.473175,369049726.30369914,45279750.77316025,42581941.827500515,5037124823.844139,665099605.8820527,139800225.5741635,130209209.34211048,18.494807923442902,6.538240041591356,11.956567881851546,DALY 0% discount rate
1,AGO,2,AFR,1918,16,4273473246.643638,395987950.22411036,48026477.03707782,48026477.03707782,5166592041.050847,734734931.3484471,149611185.63334358,149611185.63334358,18.5963836930553,7.053338117280897,11.543045575774403,DALY 0% discount rate
1,AGO,2,AFR,1918,17,4349049462.310025,410340705.02917874,50824015.388966806,50824015.388966806,5284493791.324131,783202144.4924526,159648717.96676826,159648717.96676826,18.40555733062323,7.336323913206924,11.069233417416305,DALY 0% discount rate
1,AGO,2,AFR,1918,18,4424223415.183814,423392032.49836063,53673801.349241726,53673801.349241726,5396458112.528528,824660636.9719414,169919312.5824651,169919312.5824651,18.11376636095944,7.476060841352158,10.63770551960728,DALY 0% discount rate
1,AGO,2,AFR,1918,19,4500184029.173893,436506926.6972323,56577243.741650775,56577243.741650775,5488282300.919993,846035284.3975105,180429480.88657138,180429480.88657138,17.464588346828336,7.238393576935483,10.226194769892853,DALY 0% discount rate
1,AGO,2,AFR,1918,20,4597138263.511785,469211798.8637719,59574411.48973728,59574411.48973728,5665087283.267817,948846101.819646,191244637.5024772,191244637.5024772,17.926304147209322,8.051012019455692,9.87529212775363,DALY 0% discount rate
1,AGO,2,AFR,1918,21,4683689283.467225,490430155.27314514,62589971.80255039,62589971.80255039,5753269989.14957,963020568.0190988,202254806.29942203,202254806.29942203,17.08869128518704,7.550577179309365,9.538114105877675,DALY 0% discount rate
1,AGO,2,AFR,1918,22,4762203960.281754,503059932.4768456,65662831.006842606,65662831.006842606,5871880720.817201,1006946135.6627668,213524118.17998168,213524118.17998168,16.899617995754856,7.673842194428262,9.225775801326593,DALY 0% discount rate
1,AGO,2,AFR,1918,23,4841863468.918728,515449526.8751895,68794843.77296926,68794843.77296926,5988148777.997763,1046039657.5867113,225059484.21565783,225059484.21565783,16.662372442648543,7.712643878697204,8.94972856395134,DALY 0% discount rate
1,AGO,2,AFR,1918,24,4922383144.577898,527683718.4609286,71987379.94622251,71987379.94622251,6081783906.001362,1064370214.3452882,236867732.2642909,236867732.2642909,16.10561132089518,7.455285861011834,8.650325459883344,DALY 0% discount rate
1,AGO,2,AFR,1918,25,5003960696.135371,539790218.9004972,75241803.90806709,75241803.90806709,6185931177.375261,1086641409.2958195,248955782.98708135,248955782.98708135,15.708959911222497,7.267917061949805,8.44104284927269,DALY 0% discount rate
1,AGO,2,AFR,1918,26,5086784921.228032,552159105.5133142,78602814.83048499,78602814.83048499,6274587492.372587,1095637273.9134412,261398374.8640472,261398374.8640472,15.111450826616997,6.91423290084704,8.197217925769957,DALY 0% discount rate
1,AGO,2,AFR,1918,27,5172444318.455706,565347932.161229,81985842.7353085,81985842.7353085,6443629825.609126,1181517123.9531298,274068550.4195084,274068550.4195084,15.504939203435965,7.515555993992823,7.989383209443142,DALY 0% discount rate
1,GBR,2,EUR,1918,1,354072674672.59827,14600859225.025042,7326984.114179065,7326984.114179065,393307374071.8651,20331502608.936752,14744473.173328124,14744473.173328124,5354.822501026099,782.1285394657617,4572.693961560338,DALY 0% discount rate
1,GBR,2,EUR,1918,2,358454963540.8698,19867392896.973732,8659075.035222549,8659075.035222549,400721339323.0037,28506480048.09224,19288423.830525823,19288423.830525823,4881.165206469147,997.691683693381,3883.473522775766,DALY 0% discount rate
1,GBR,2,EUR,1918,3,359812663412.43005,20118298440.465294,9991797.103548853,9991797.103548853,406535748453.4521,31807179335.164974,23799201.816554032,23799201.816554032,4676.14429684797,1169.8477034274508,3506.2965934205185,DALY 0% discount rate
1,GBR,2,EUR,1918,4,366884766285.78937,29402673793.49792,11288393.561178258,11288393.561178258,415665896337.1844,43229621423.351364,28229905.877334885,28229905.877334885,4321.35270506137,1224.8817827724831,3096.470922288887,DALY 0% discount rate
1,GBR,2,EUR,1918,5,369814218614.5547,34450766667.27752,12568762.862111181,12568762.862111181,419645550149.1084,49466683406.09649,32609457.405287415,32609457.405287415,3964.6966118496343,1194.7012529041174,2769.995358945517,DALY 0% discount rate
1,GBR,2,EUR,1918,6,372819179756.65717,39492112225.75765,13833955.133122537,13833955.133122537,423563628001.98413,55610255301.74621,36941158.24401316,36941158.24401316,3668.108487921137,1165.1145981670134,2502.9938897541238,DALY 0% discount rate
1,GBR,2,EUR,1918,7,373613350181.2794,42261260259.80059,15084872.726328967,15084872.726328967,428773426792.0865,63016031450.773094,41227998.7428518,41227998.7428518,3656.6484591236417,1375.8665099472373,2280.7819491764044,DALY 0% discount rate
1,GBR,2,EUR,1918,8,376788786875.9465,52461779600.769745,16322345.670162708,16322345.670162708,432748438314.88885,75552955065.7506,45472705.575772695,45472705.575772695,3428.407446439318,1414.6971232934725,2013.7103231458455,DALY 0% discount rate
1,GBR,2,EUR,1918,9,385578638088.77094,58048291622.96132,17564648.185071543,17564648.185071543,445321966509.8803,83877005755.71759,49701608.18457055,49701608.18457055,3401.3393147200136,1470.4942484819298,1930.8450662380837,DALY 0% discount rate
1,GBR,2,EUR,1918,10,386845390501.08026,61164596836.18415,18777539.89832733,18777539.89832733,447661627494.6648,88336642699.93134,53869421.322387174,53869421.322387174,3238.775543701651,1447.0503596782464,1791.7251840234044,DALY 0% discount rate
1,GBR,2,EUR,1918,11,386693043848.9659,66095780693.17835,19979026.81101108,19979026.81101108,448760938280.16656,96163804375.61388,58001894.357978135,58001894.357978135,3106.6525421044576,1504.9793949855493,1601.6731471189082,DALY 0% discount rate
1,GBR,2,EUR,1918,12,393141672334.9704,71134237224.95557,21169763.456479758,21169763.456479758,457406386394.1151,102256163714.94684,62100935.87662811,62100935.87662811,3035.6840874135614,1470.1121509444783,1565.571936469083,DALY 0% discount rate
1,GBR,2,EUR,1918,13,392992976049.4701,76109106857.54259,22350289.81108923,22350289.81108923,458522844503.3334,110092615110.09923,66168268.30753141,66168268.30753141,2931.947147340803,1520.4951944603206,1411.4519528804824,DALY 0% discount rate
1,GBR,2,EUR,1918,14,394723559167.2426,76320556815.36093,23537759.244801745,23537759.244801745,463099253272.8334,112044609692.32686,70228325.38068983,70228325.38068983,2904.9364212819605,1517.7338040304535,1387.202617251507,DALY 0% discount rate
1,GBR,2,EUR,1918,15,396439737632.7737,79803814054.07892,24699382.849593766,24699382.849593766,465377258325.9482,116343112454.2963,74236939.62094617,74236939.62094617,2791.0624776727295,1479.360784952501,1311.7016927202285,DALY 0% discount rate
1,GBR,2,EUR,1918,16,399533582902.6254,84671508124.28929,25852092.330670454,25852092.330670454,469385837257.2395,122355058304.52577,78218123.95135903,78218123.95135903,2701.9961657704057,1457.6595850823803,1244.3365806880254,DALY 0% discount rate
1,GBR,2,EUR,1918,17,402608701432.98206,89508162687.87726,26996327.44816146,26996327.44816146,473320070417.59155,128276214176.64598,82173088.71052606,82173088.71052606,2619.2958697952517,1436.0490908702827,1183.246778924969,DALY 0% discount rate
1,GBR,2,EUR,1918,18,407889869265.9062,96539362052.16484,28132433.3099925,28132433.3099925,480751594161.38904,137678827559.7106,86102919.1496856,86102919.1496856,2589.954594137533,1462.3500588885508,1127.6045352489823,DALY 0% discount rate
1,GBR,2,EUR,1918,19,406201958756.90045,96590719996.229,29260724.746352717,29260724.746352717,480642404041.4478,139525494751.80325,90008603.75993156,90008603.75993156,2544.0396958665965,1467.3175434906468,1076.7221523759497,DALY 0% discount rate
1,GBR,2,EUR,1918,20,413559720367.81714,105677336796.97955,30397386.712031364,30397386.712031364,489563889699.03345,150387925942.17285,93913010.76434596,93913010.76434596,2500.352087869898,1470.8695049596724,1029.4825829102253,DALY 0% discount rate
1,GBR,2,EUR,1918,21,411907966352.1861,105730967532.43091,31510960.040098693,31510960.040098693,489573478113.94586,152324151574.94052,97773144.95044103,97773144.95044103,2464.7142347592057,1478.634227050471,986.0800077087347,DALY 0% discount rate
1,GBR,2,EUR,1918,22,415484902395.9147,111021014525.8237,32617446.944978006,32617446.944978006,493481357288.7312,158144696235.41208,101611570.65733495,101611570.65733495,2391.2495366172543,1444.738510315684,946.5110263015704,DALY 0% discount rate
1,GBR,2,EUR,1918,23,419090262935.6146,116328877293.88327,33717124.53802802,33717124.53802802,499423729903.1991,165986115723.2623,105428986.13757597,105428986.13757597,2382.571707055861,1472.7601807613482,909.811526294513,DALY 0% discount rate
1,GBR,2,EUR,1918,24,419009592719.717,121045246037.08885,34810191.532793336,34810191.532793336,500562797256.991,173400579808.23508,109226009.67831826,109226009.67831826,2342.796777215257,1504.0231456877877,838.7736315274692,DALY 0% discount rate
1,GBR,2,EUR,1918,25,420597950670.3675,121211019369.05252,35896828.78741524,35896828.78741524,504993601234.5262,175314469958.43793,113003203.45389593,113003203.45389593,2351.0614562628502,1507.1930423099955,843.8684139528548,DALY 0% discount rate
1,GBR,2,EUR,1918,26,422441713286.4061,124727297069.9409,36992501.64267128,36992501.64267128,507266763821.11755,179447619273.60574,116782332.358921,116782332.358921,2293.033635683204,1479.2274048464003,813.8062308368037,DALY 0% discount rate
1,GBR,2,EUR,1918,27,420832931381.8674,124768697249.40434,38066830.42208807,38066830.42208807,508271327422.0048,182299659219.24643,120521470.81754658,120521470.81754658,2296.9707504043154,1511.3147412572616,785.6560091470537,DALY 0% discount rate
1,AGO,2,AFR,1918,1,3487007124.988705,146764941.19395295,11167849.076355861,11167849.076355861,3552754685.20507,143401053.11976615,22390409.370859757,22390409.370859757,5.88721783101126,-0.301211813589843,6.188429644601103,Disease-modifying vaccine mechanism
1,AGO,2,AFR,1918,2,3466128444.572888,163233231.85303542,13378399.873301271,13378399.873301271,3527521673.5676713,157431798.0224959,29739430.840214662,29739430.840214662,4.588981460877348,-0.4336418320188807,5.022623292896229,Disease-modifying vaccine mechanism
1,AGO,2,AFR,1918,3,3447693869.603687,180176407.00174654,15644206.102377323,15644206.102377323,3555387522.4094014,221648985.1292857,37256372.51671016,37256372.51671016,6.883932115248039,2.6509864326855745,4.232945682562464,Disease-modifying vaccine mechanism
1,AGO,2,AFR,1918,4,3447628782.0980635,213959771.66571134,17908047.44205513,17908047.44205513,3603898693.820454,303807611.14452785,44868450.773988545,44868450.773988545,8.726239542754813,5.017176761985703,3.70906278076911,Disease-modifying vaccine mechanism
1,AGO,2,AFR,1918,5,3433018863.801785,232769401.99316645,20201396.316500068,20201396.316500068,3607378938.6429567,341746000.94089985,52624003.49145651,52624003.49145651,8.631090252843471,5.394508242914063,3.236582009929408,Disease-modifying vaccine mechanism
1,AGO,2,AFR,1918,6,3415254506.9373536,248170096.82882327,22526804.767234128,22526804.767234128,3613601754.9482846,383445781.68597776,60531028.84447864,60531028.84447864,8.80494371307522,6.005098648252005,2.7998450648232147,Disease-modifying vaccine mechanism
1,AGO,2,AFR,1918,7,3398702626.8462405,264093438.83328208,24886343.158545267,24886343.158545267,3648978161.890359,470182659.21646315,68597118.34735207,68597118.34735207,10.056742103476978,8.281217496288354,1.7755246071886237,Disease-modifying vaccine mechanism
1,AGO,2,AFR,1918,8,3383118269.4409127,281092047.26811856,27281980.178140335,27281980.178140335,3650644936.0878167,486488119.5906786,76829615.83667327,76829615.83667327,9.805984202761774,7.528635054398781,2.277349148362993,Disease-modifying vaccine mechanism
1,AGO,2,AFR,1918,9,3365468885.5403414,295819452.2729915,29747696.07164118,29747696.07164118,3635429515.5192623,504373126.16803414,85281732.30248006,85281732.30248006,9.075009685751008,7.010750459221589,2.064259226529419,Disease-modifying vaccine mechanism
1,AGO,2,AFR,1918,10,3347424911.426212,310160160.1039829,32221626.901829097,32221626.901829097,3623858910.4513955,526136805.18183744,93869185.8288895,93869185.8288895,8.579144680292092,6.702847306123899,1.8762973741681934,Disease-modifying vaccine mechanism
1,AGO,2,AFR,1918,11,3329174295.8779025,324313355.9896481,34736656.395192176,34736656.395192176,3602611192.7390246,538173345.2566001,102643778.35570775,102643778.35570775,7.8717103267016775,6.156608363047629,1.7151019636540488,Disease-modifying vaccine mechanism
1,AGO,2,AFR,1918,12,3310782743.758995,338297848.8135673,37294859.49993248,37294859.49993248,3613004116.537501,581785888.5310354,111612352.81368954,111612352.81368954,8.103566465481736,6.528729239961581,1.574837225520155,Disease-modifying vaccine mechanism
1,AGO,2,AFR,1918,13,3292249145.3186603,352106598.2055208,39897855.06691078,39897855.06691078,3593605323.1016374,595548428.2815969,120781531.4297,120781531.4297,7.553192453017514,6.101627008966058,1.4515654440514565,Disease-modifying vaccine mechanism
1,AGO,2,AFR,1918,14,3273780502.9003744,365927938.6811066,42581941.827500515,42581941.827500515,3577099334.065038,612124741.592957,130209209.34211048,130209209.34211048,7.123179877362302,5.781718548890839,1.3414613284714632,Disease-modifying vaccine mechanism
1,AGO,2,AFR,1918,15,3255077935.142818,365927938.6811066,45279750.77316025,42581941.827500515,3552617634.977093,612124741.592957,139800225.5741635,130209209.34211048,6.571142613502261,5.437238472120401,1.1339041413818594,Disease-modifying vaccine mechanism
1,AGO,2,AFR,1918,16,3236360675.981055,392829742.92822367,48026477.03707782,48026477.03707782,3565391435.1263456,666282769.7057574,149611185.63334358,149611185.63334358,6.851028421078432,5.693797331135076,1.1572310899433562,Disease-modifying vaccine mechanism
1,AGO,2,AFR,1918,17,3218348608.5319977,406819021.31759477,50824015.388966806,50824015.388966806,3568853441.9877634,702451911.8977404,159648717.96676826,159648717.96676826,6.896441195629252,5.816795235827105,1.0796459598021464,Disease-modifying vaccine mechanism
1,AGO,2,AFR,1918,18,3199537529.4109607,419866008.1003664,53673801.349241726,53673801.349241726,3567133970.5022764,733291225.5843577,169919312.5824651,169919312.5824651,6.8487126279627475,5.839445122297439,1.0092675056653082,Disease-modifying vaccine mechanism
1,AGO,2,AFR,1918,19,3180745383.930856,432903400.2802919,56577243.741650775,56577243.741650775,3550970342.7938757,750276782.553427,180429480.88657138,180429480.88657138,6.5437079358899375,5.609558919525318,0.9341490163646196,Disease-modifying vaccine mechanism
1,AGO,2,AFR,1918,20,3174690111.695691,458214781.4156568,59574411.48973728,59574411.48973728,3589276281.193831,819986500.2353894,191244637.5024772,191244637.5024772,6.959131599135637,6.0726024776938665,0.8865291214417708,Disease-modifying vaccine mechanism
1,AGO,2,AFR,1918,21,3161422640.3413424,476224701.65610784,62589971.80255039,62589971.80255039,3569290147.369768,831964982.6246969,202254806.29942203,202254806.29942203,6.516499293450809,5.683662585610774,0.8328367078400349,Disease-modifying vaccine mechanism
1,AGO,2,AFR,1918,22,3142834735.2578416,488798969.70755947,65662831.006842606,65662831.006842606,3567172377.1164317,861926137.0787891,213524118.17998168,213524118.17998168,6.462372020091102,5.682471523841954,0.779900496249148,Disease-modifying vaccine mechanism
1,AGO,2,AFR,1918,23,3124447275.0217843,501176965.21498215,68794843.77296926,68794843.77296926,3562686481.7272377,888546326.8562233,225059484.21565783,225059484.21565783,6.370233329574702,5.630790629012892,0.7394427005618098,Disease-modifying vaccine mechanism
1,AGO,2,AFR,1918,24,3106086614.876666,513410474.9130007,71987379.94622251,71987379.94622251,3544063604.134258,902641828.28938,236867732.2642909,236867732.2642909,6.084080148281244,5.406938739361689,0.6771414089195558,Disease-modifying vaccine mechanism
1,AGO,2,AFR,1918,25,3087863283.8101044,525516970.55663675,75241803.90806709,75241803.90806709,3530893880.839035,918904132.5830859,248955782.98708135,248955782.98708135,5.88809111448524,5.228305829922718,0.6597852845625223,Disease-modifying vaccine mechanism
1,AGO,2,AFR,1918,26,3069943187.0499935,537780941.6677366,78602814.83048499,78602814.83048499,3508203831.444606,927438351.1235416,261398374.8640472,261398374.8640472,5.575635495239785,4.957295871606393,0.6183396236333927,Disease-modifying vaccine mechanism
1,AGO,2,AFR,1918,27,3052877347.95155,550348059.7170274,81985842.7353085,81985842.7353085,3529228410.384032,978268048.2038454,274068550.4195084,274068550.4195084,5.810162419997101,5.219437578611696,0.5907248413854047,Disease-modifying vaccine mechanism
1,GBR,2,EUR,1918,1,366364480550.0981,14224057858.037775,7326984.114179065,7326984.114179065,374003907349.02594,19934864045.226948,14744473.173328124,14744473.173328124,1042.6427408439656,779.4211230972522,263.2216177467134,Disease-modifying vaccine mechanism
1,GBR,2,EUR,1918,2,360740368179.83746,19074442291.791943,8659075.035222549,8659075.035222549,371066208605.4305,27559002269.69119,19288423.830525823,19288423.830525823,1192.4876945390313,979.8459931790143,212.641701360017,Disease-modifying vaccine mechanism
1,GBR,2,EUR,1918,3,352392075138.686,19311542137.356033,9991797.103548853,9991797.103548853,366703673464.23553,30565251972.041443,23799201.816554032,23799201.816554032,1432.334761928504,1126.2948714889692,306.0398904395347,Disease-modifying vaccine mechanism
1,GBR,2,EUR,1918,4,349333758316.86646,27615417159.10306,11288393.561178258,11288393.561178258,365457309576.1728,40781632564.928894,28229905.877334885,28229905.877334885,1428.330007447348,1166.3497852436296,261.9802222037183,Disease-modifying vaccine mechanism
1,GBR,2,EUR,1918,5,342768460112.2135,32009385907.600967,12568762.862111181,12568762.862111181,359823853713.0411,46209264255.51204,32609457.405287415,32609457.405287415,1356.9667745296908,1129.7753409539555,227.19143357573535,Disease-modifying vaccine mechanism
1,GBR,2,EUR,1918,6,336462416829.5143,36277061749.920395,13833955.133122537,13833955.133122537,354346661662.2295,51408037517.89033,36941158.24401316,36941158.24401316,1292.7788662473752,1093.7563135319087,199.02255271546642,Disease-modifying vaccine mechanism
1,GBR,2,EUR,1918,7,328488886223.47577,38508852150.80205,15084872.726328967,15084872.726328967,350099924054.52295,57467436617.90319,41227998.7428518,41227998.7428518,1432.629775743982,1256.79445965832,175.83531608566204,Disease-modifying vaccine mechanism
1,GBR,2,EUR,1918,8,322720792811.751,46600960544.173805,16322345.670162708,16322345.670162708,345064135467.481,67482332624.55573,45472705.575772695,45472705.575772695,1368.880619687753,1279.3119630196984,89.5686566680547,Disease-modifying vaccine mechanism
1,GBR,2,EUR,1918,9,321551347651.3765,50937941108.08627,17564648.185071543,17564648.185071543,347026337612.5569,73953975138.58371,49701608.18457055,49701608.18457055,1450.3558336472652,1310.361231718783,139.9946019284821,Disease-modifying vaccine mechanism
1,GBR,2,EUR,1918,10,314724203917.2916,53298107946.79077,18777539.89832733,18777539.89832733,341121769901.2716,77329756415.72728,53869421.322387174,53869421.322387174,1405.8053465423036,1279.8081430825348,125.9972034597688,Disease-modifying vaccine mechanism
1,GBR,2,EUR,1918,11,307072097174.003,56832367975.74036,19979026.81101108,19979026.81101108,334494547278.68884,83047610162.99399,58001894.357978135,58001894.357978135,1372.5618551936907,1312.138095375375,60.4237598183156,Disease-modifying vaccine mechanism
1,GBR,2,EUR,1918,12,304410760499.7999,60434798323.96501,21169763.456479758,21169763.456479758,333571960904.35724,87401968135.91632,62100935.87662811,62100935.87662811,1377.492973150415,1273.8531475512093,103.63982559920578,Disease-modifying vaccine mechanism
1,GBR,2,EUR,1918,13,297262392504.2725,63799427028.72525,22350289.81108923,22350289.81108923,327391356636.55096,92769677201.36615,66168268.30753141,66168268.30753141,1348.0346065727424,1296.1912537826306,51.843352790111794,Disease-modifying vaccine mechanism
1,GBR,2,EUR,1918,14,291648525618.5675,63958882524.40864,23537759.244801745,23537759.244801745,323788619597.86725,94063123792.26743,70228325.38068983,70228325.38068983,1365.4695693430463,1278.976514066743,86.49305527630327,Disease-modifying vaccine mechanism
1,GBR,2,EUR,1918,15,286205268040.89465,66246882860.145515,24699382.849593766,24699382.849593766,318809315334.3439,96890342056.78824,74236939.62094617,74236939.62094617,1320.0348969037282,1240.6568772687663,79.3780196349619,Disease-modifying vaccine mechanism
1,GBR,2,EUR,1918,16,281841388577.9024,69354515042.53714,25852092.330670454,25852092.330670454,315103000429.2799,100726274398.86623,78218123.95135903,78218123.95135903,1286.611985828185,1213.5094890988842,73.10249672930081,Disease-modifying vaccine mechanism
1,GBR,2,EUR,1918,17,277624467118.21686,72356809733.7383,26996327.44816146,26996327.44816146,311488587863.2691,104398982245.09532,82173088.71052606,82173088.71052606,1254.3973179343884,1186.9085738748959,67.48874405949255,Disease-modifying vaccine mechanism
1,GBR,2,EUR,1918,18,274881925169.6917,76589859319.97646,28132433.3099925,28132433.3099925,310109376120.3075,110060540415.06482,86102919.1496856,86102919.1496856,1252.2006384034746,1189.754214513671,62.446423889803555,Disease-modifying vaccine mechanism
1,GBR,2,EUR,1918,19,268189654119.46017,76637891155.26077,29260724.746352717,29260724.746352717,304370600112.5121,111124644338.51363,90008603.75993156,90008603.75993156,1236.5020452052127,1178.6021529610796,57.89989224413307,Disease-modifying vaccine mechanism
1,GBR,2,EUR,1918,20,266839037329.41507,81800190529.15764,30397386.712031364,30397386.712031364,303973811760.99207,117300854324.58339,93913010.76434596,93913010.76434596,1221.6436492838036,1167.8853886927884,53.75826059101519,Disease-modifying vaccine mechanism
1,GBR,2,EUR,1918,21,260594189000.43765,81847784419.5196,31510960.040098693,31510960.040098693,298677589990.4471,118355641305.29025,97773144.95044103,97773144.95044103,1208.5763474533019,1158.5764711488714,49.99987630443047,Disease-modifying vaccine mechanism
1,GBR,2,EUR,1918,22,257354816193.06683,84689710169.72498,32617446.944978006,32617446.944978006,295671573271.96674,121486120425.12769,101611570.65733495,101611570.65733495,1174.731950772726,1128.1204907752024,46.611459997523525,Disease-modifying vaccine mechanism
1,GBR,2,EUR,1918,23,254249871816.83618,87460838604.93935,33717124.53802802,33717124.53802802,293837324477.1582,125581089633.29245,105428986.13757597,105428986.13757597,1174.1052418533832,1130.5902134495188,43.515028403864335,Disease-modifying vaccine mechanism
1,GBR,2,EUR,1918,24,249380910516.1451,89793376425.53615,34810191.532793336,34810191.532793336,289633171305.4881,129306208284.25365,109226009.67831826,109226009.67831826,1156.335516034805,1135.0937791162105,21.241736918594597,Disease-modifying vaccine mechanism
1,GBR,2,EUR,1918,25,245517616033.38654,89892417268.34941,35896828.78741524,35896828.78741524,287227670033.674,130235694758.44379,113003203.45389593,113003203.45389593,1161.942584045481,1123.8674516072565,38.0751324382245,Disease-modifying vaccine mechanism
1,GBR,2,EUR,1918,26,241902598189.60394,91578227093.88976,36992501.64267128,36992501.64267128,283866116346.86707,132222406524.42276,116782332.358921,116782332.358921,1134.379030718423,1098.7139994784638,35.66503123995926,Disease-modifying vaccine mechanism
1,GBR,2,EUR,1918,27,236818209828.9201,91614937027.5161,38066830.42208807,38066830.42208807,280022386557.41125,133546134239.22511,120521470.81754658,120521470.81754658,1134.955977407096,1101.5153283520729,33.44064905502319,Disease-modifying vaccine mechanism
1,AGO,2,AFR,1918,1,3388032386.6703105,146764941.19395295,11167849.076355861,11167849.076355861,3552754685.20507,143401053.11976615,22390409.370859757,22390409.370859757,14.749688808340292,-0.301211813589843,15.050900621930134,Infectious period-modifying vaccine mechanism
1,AGO,2,AFR,1918,2,3366339780.9495935,163233231.85303542,13378399.873301271,13378399.873301271,3527521673.5676713,157431798.0224959,29739430.840214662,29739430.840214662,12.04792009093269,-0.4336418320188807,12.48156192295157,Infectious period-modifying vaccine mechanism
1,AGO,2,AFR,1918,3,3347752531.1874995,180176407.00174654,15644206.102377323,15644206.102377323,3555387522.4094014,221648985.1292857,37256372.51671016,37256372.51671016,13.272325221434489,2.6509864326855745,10.621338788748915,Infectious period-modifying vaccine mechanism
1,AGO,2,AFR,1918,4,3348030276.954928,213959771.66571134,17908047.44205513,17908047.44205513,3603898693.820454,303807611.14452785,44868450.773988545,44868450.773988545,14.287901441708641,5.017176761985703,9.270724679722939,Infectious period-modifying vaccine mechanism
1,AGO,2,AFR,1918,5,3333954969.1194673,232769401.99316645,20201396.316500068,20201396.316500068,3607378938.6429567,341746000.94089985,52624003.49145651,52624003.49145651,13.534904480843368,5.394508242914063,8.140396237929306,Infectious period-modifying vaccine mechanism
1,AGO,2,AFR,1918,6,3316930852.275966,248170096.82882327,22526804.767234128,22526804.767234128,3613601754.9482846,383445781.68597776,60531028.84447864,60531028.84447864,13.16968410468202,6.005098648252005,7.164585456430014,Infectious period-modifying vaccine mechanism
1,AGO,2,AFR,1918,7,3301240578.7130275,264093438.83328208,24886343.158545267,24886343.158545267,3648978161.890359,470182659.21646315,68597118.34735207,68597118.34735207,13.973028538663712,8.281217496288354,5.691811042375358,Infectious period-modifying vaccine mechanism
1,AGO,2,AFR,1918,8,3286594049.8817277,281092047.26811856,27281980.178140335,27281980.178140335,3650644936.0878167,486488119.5906786,76829615.83667327,76829615.83667327,13.344005230888062,7.528635054398781,5.815370176489281,Infectious period-modifying vaccine mechanism
1,AGO,2,AFR,1918,9,3269928584.591657,295819452.2729915,29747696.07164118,29747696.07164118,3635429515.5192623,504373126.16803414,85281732.30248006,85281732.30248006,12.28669709571362,7.010750459221589,5.275946636492032,Infectious period-modifying vaccine mechanism
1,AGO,2,AFR,1918,10,3252959857.9660277,310160160.1039829,32221626.901829097,32221626.901829097,3623858910.4513955,526136805.18183744,93869185.8288895,93869185.8288895,11.510872918223544,6.702847306123899,4.808025612099645,Infectious period-modifying vaccine mechanism
1,AGO,2,AFR,1918,11,3235699710.008542,324313355.9896481,34736656.395192176,34736656.395192176,3602611192.7390246,538173345.2566001,102643778.35570775,102643778.35570775,10.562659760807202,6.156608363047629,4.406051397759573,Infectious period-modifying vaccine mechanism
1,AGO,2,AFR,1918,12,3218323804.5474772,338297848.8135673,37294859.49993248,37294859.49993248,3613004116.537501,581785888.5310354,111612352.81368954,111612352.81368954,10.58270006328186,6.528729239961581,4.05397082332028,Infectious period-modifying vaccine mechanism
1,AGO,2,AFR,1918,13,3200807283.743401,352106598.2055208,39897855.06691078,39897855.06691078,3593605323.1016374,595548428.2815969,120781531.4297,120781531.4297,9.845091639625577,6.101627008966058,3.7434646306595196,Infectious period-modifying vaccine mechanism
1,AGO,2,AFR,1918,14,3183352321.886999,365927938.6811066,42581941.827500515,42581941.827500515,3577099334.065038,612124741.592957,130209209.34211048,130209209.34211048,9.246807338498291,5.781718548890839,3.465088789607452,Infectious period-modifying vaccine mechanism
1,AGO,2,AFR,1918,15,3165717831.208857,365927938.6811066,45279750.77316025,42581941.827500515,3552617634.977093,612124741.592957,139800225.5741635,130209209.34211048,8.544654004535126,5.437238472120401,3.1074155324147243,Infectious period-modifying vaccine mechanism
1,AGO,2,AFR,1918,16,3147969001.3810678,392829742.92822367,48026477.03707782,48026477.03707782,3565391435.1263456,666282769.7057574,149611185.63334358,149611185.63334358,8.691506425154103,5.693797331135076,2.9977090940190267,Infectious period-modifying vaccine mechanism
1,AGO,2,AFR,1918,17,3130936329.961058,406819021.31759477,50824015.388966806,50824015.388966806,3568853441.9877634,702451911.8977404,159648717.96676826,159648717.96676826,8.616342268024951,5.816795235827105,2.7995470321978457,Infectious period-modifying vaccine mechanism
1,AGO,2,AFR,1918,18,3113097608.584523,419866008.1003664,53673801.349241726,53673801.349241726,3567133970.5022764,733291225.5843577,169919312.5824651,169919312.5824651,8.45918027984369,5.839445122297439,2.61973515754625,Infectious period-modifying vaccine mechanism
1,AGO,2,AFR,1918,19,3095269484.120177,432903400.2802919,56577243.741650775,56577243.741650775,3550970342.7938757,750276782.553427,180429480.88657138,180429480.88657138,8.05449026033453,5.609558919525318,2.4449313408092124,Infectious period-modifying vaccine mechanism
1,AGO,2,AFR,1918,20,3090169139.6843734,458214781.4156568,59574411.48973728,59574411.48973728,3589276281.193831,819986500.2353894,191244637.5024772,191244637.5024772,8.37787783426845,6.0726024776938665,2.305275356574583,Infectious period-modifying vaccine mechanism
1,AGO,2,AFR,1918,21,3077903061.3507786,476224701.65610784,62589971.80255039,62589971.80255039,3569290147.369768,831964982.6246969,202254806.29942203,202254806.29942203,7.850891634352306,5.683662585610774,2.1672290487415315,Infectious period-modifying vaccine mechanism
1,AGO,2,AFR,1918,22,3060222582.9295845,488798969.70755947,65662831.006842606,65662831.006842606,3567172377.1164317,861926137.0787891,213524118.17998168,213524118.17998168,7.720498589742786,5.682471523841954,2.038027065900832,Infectious period-modifying vaccine mechanism
1,AGO,2,AFR,1918,23,3042752325.5062184,501176965.21498215,68794843.77296926,68794843.77296926,3562686481.7272377,888546326.8562233,225059484.21565783,225059484.21565783,7.557748919917031,5.630790629012892,1.926958290904139,Infectious period-modifying vaccine mechanism
1,AGO,2,AFR,1918,24,3025302103.9826293,513410474.9130007,71987379.94622251,71987379.94622251,3544063604.134258,902641828.28938,236867732.2642909,236867732.2642909,7.206283942257161,5.406938739361689,1.7993452028954726,Infectious period-modifying vaccine mechanism
1,AGO,2,AFR,1918,25,3007981649.002472,525516970.55663675,75241803.90806709,75241803.90806709,3530893880.839035,918904132.5830859,248955782.98708135,248955782.98708135,6.949756713375379,5.228305829922718,1.7214508834526612,Infectious period-modifying vaccine mechanism
1,AGO,2,AFR,1918,26,2990956388.8055787,537780941.6677366,78602814.83048499,78602814.83048499,3508203831.444606,927438351.1235416,261398374.8640472,261398374.8640472,6.5805206054582674,4.957295871606393,1.6232247338518748,Infectious period-modifying vaccine mechanism
1,AGO,2,AFR,1918,27,2974829017.279321,550348059.7170274,81985842.7353085,81985842.7353085,3529228410.384032,978268048.2038454,274068550.4195084,274068550.4195084,6.762135688408917,5.219437578611696,1.5426981097972208,Infectious period-modifying vaccine mechanism
1,GBR,2,EUR,1918,1,355646448594.0413,14224057858.037775,7326984.114179065,7326984.114179065,374003907349.02594,19934864045.226948,14744473.173328124,14744473.173328124,2505.4590632262393,779.4211230972522,1726.037940128987,Infectious period-modifying vaccine mechanism
1,GBR,2,EUR,1918,2,350254881009.35205,19074442291.791943,8659075.035222549,8659075.035222549,371066208605.4305,27559002269.69119,19288423.830525823,19288423.830525823,2403.4123172999566,979.8459931790143,1423.5663241209422,Infectious period-modifying vaccine mechanism
1,GBR,2,EUR,1918,3,342178653248.92554,19311542137.356033,9991797.103548853,9991797.103548853,366703673464.23553,30565251972.041443,23799201.816554032,23799201.816554032,2454.515435126208,1126.2948714889692,1328.220563637239,Infectious period-modifying vaccine mechanism
1,GBR,2,EUR,1918,4,339419017992.9189,27615417159.10306,11288393.561178258,11288393.561178258,365457309576.1728,40781632564.928894,28229905.877334885,28229905.877334885,2306.642786871092,1166.3497852436296,1140.2930016274624,Infectious period-modifying vaccine mechanism
1,GBR,2,EUR,1918,5,333157483004.6425,32009385907.600967,12568762.862111181,12568762.862111181,359823853713.0411,46209264255.51204,32609457.405287415,32609457.405287415,2121.638462030733,1129.7753409539555,991.8631210767776,Infectious period-modifying vaccine mechanism
1,GBR,2,EUR,1918,6,327159943369.6007,36277061749.920395,13833955.133122537,13833955.133122537,354346661662.2295,51408037517.89033,36941158.24401316,36941158.24401316,1965.2166015441112,1093.7563135319087,871.4602880122025,Infectious period-modifying vaccine mechanism
1,GBR,2,EUR,1918,7,319493699096.7755,38508852150.80205,15084872.726328967,15084872.726328967,350099924054.52295,57467436617.90319,41227998.7428518,41227998.7428518,2028.934914666378,1256.79445965832,772.1404550080581,Infectious period-modifying vaccine mechanism
1,GBR,2,EUR,1918,8,314028383382.80426,46600960544.173805,16322345.670162708,16322345.670162708,345064135467.481,67482332624.55573,45472705.575772695,45472705.575772695,1901.4272036530997,1279.3119630196984,622.1152406334013,Infectious period-modifying vaccine mechanism
1,GBR,2,EUR,1918,9,313155126475.8133,50937941108.08627,17564648.185071543,17564648.185071543,347026337612.5569,73953975138.58371,49701608.18457055,49701608.18457055,1928.3740146603814,1310.361231718783,618.0127829415983,Infectious period-modifying vaccine mechanism
1,GBR,2,EUR,1918,10,306620274681.7309,53298107946.79077,18777539.89832733,18777539.89832733,341121769901.2716,77329756415.72728,53869421.322387174,53869421.322387174,1837.3810097782855,1279.8081430825348,557.5728666957507,Infectious period-modifying vaccine mechanism
1,GBR,2,EUR,1918,11,299246158331.48584,56832367975.74036,19979026.81101108,19979026.81101108,334494547278.68884,83047610162.99399,58001894.357978135,58001894.357978135,1764.2695653111837,1312.138095375375,452.1314699358086,Infectious period-modifying vaccine mechanism
1,GBR,2,EUR,1918,12,296854979066.1643,60434798323.96501,21169763.456479758,21169763.456479758,333571960904.35724,87401968135.91632,62100935.87662811,62100935.87662811,1734.406806843862,1273.8531475512093,460.5536592926526,Infectious period-modifying vaccine mechanism
1,GBR,2,EUR,1918,13,289967963627.4157,63799427028.72525,22350289.81108923,22350289.81108923,327391356636.55096,92769677201.36615,66168268.30753141,66168268.30753141,1674.4030312558818,1296.1912537826306,378.21177747325123,Infectious period-modifying vaccine mechanism
1,GBR,2,EUR,1918,14,284606627227.9351,63958882524.40864,23537759.244801745,23537759.244801745,323788619597.86725,94063123792.26743,70228325.38068983,70228325.38068983,1664.6441134189683,1278.976514066743,385.66759935222535,Infectious period-modifying vaccine mechanism
1,GBR,2,EUR,1918,15,279410490732.9105,66246882860.145515,24699382.849593766,24699382.849593766,318809315334.3439,96890342056.78824,74236939.62094617,74236939.62094617,1595.1339691907058,1240.6568772687663,354.4770919219395,Infectious period-modifying vaccine mechanism
1,GBR,2,EUR,1918,16,275280383146.8434,69354515042.53714,25852092.330670454,25852092.330670454,315103000429.2799,100726274398.86623,78218123.95135903,78218123.95135903,1540.402098718783,1213.5094890988842,326.89260961989885,Infectious period-modifying vaccine mechanism
1,GBR,2,EUR,1918,17,271289873556.62183,72356809733.7383,26996327.44816146,26996327.44816146,311488587863.2691,104398982245.09532,82173088.71052606,82173088.71052606,1489.043811008632,1186.9085738748959,302.13523713373615,Infectious period-modifying vaccine mechanism
1,GBR,2,EUR,1918,18,268765880852.34714,76589859319.97646,28132433.3099925,28132433.3099925,310109376120.3075,110060540415.06482,86102919.1496856,86102919.1496856,1469.6025335737793,1189.754214513671,279.8483190601082,Infectious period-modifying vaccine mechanism
1,GBR,2,EUR,1918,19,262284510334.20657,76637891155.26077,29260724.746352717,29260724.746352717,304370600112.5121,111124644338.51363,90008603.75993156,90008603.75993156,1438.3133071080697,1178.6021529610796,259.7111541469901,Infectious period-modifying vaccine mechanism
1,GBR,2,EUR,1918,20,261137381529.97708,81800190529.15764,30397386.712031364,30397386.712031364,303973811760.99207,117300854324.58339,93913010.76434596,93913010.76434596,1409.2142405801028,1167.8853886927884,241.32885188731439,Infectious period-modifying vaccine mechanism
1,GBR,2,EUR,1918,21,255091497295.43967,81847784419.5196,31510960.040098693,31510960.040098693,298677589990.4471,118355641305.29025,97773144.95044103,97773144.95044103,1383.204213376639,1158.5764711488714,224.6277422277676,Infectious period-modifying vaccine mechanism
1,GBR,2,EUR,1918,22,252040298727.5196,84689710169.72498,32617446.944978006,32617446.944978006,295671573271.96674,121486120425.12769,101611570.65733495,101611570.65733495,1337.6667590828993,1128.1204907752024,209.5462683076969,Infectious period-modifying vaccine mechanism
1,GBR,2,EUR,1918,23,249117646649.02817,87460838604.93935,33717124.53802802,33717124.53802802,293837324477.1582,125581089633.29245,105428986.13757597,105428986.13757597,1326.3194427417066,1130.5902134495188,195.7292292921877,Infectious period-modifying vaccine mechanism
1,GBR,2,EUR,1918,24,244424695562.22412,89793376425.53615,34810191.532793336,34810191.532793336,289633171305.4881,129306208284.25365,109226009.67831826,109226009.67831826,1298.7137890544159,1135.0937791162105,163.62000993820538,Infectious period-modifying vaccine mechanism
1,GBR,2,EUR,1918,25,240731321009.18805,89892417268.34941,35896828.78741524,35896828.78741524,287227670033.674,130235694758.44379,113003203.45389593,113003203.45389593,1295.2773432952024,1123.8674516072565,171.4098916879459,Infectious period-modifying vaccine mechanism
1,GBR,2,EUR,1918,26,237280331045.2296,91578227093.88976,36992501.64267128,36992501.64267128,283866116346.86707,132222406524.42276,116782332.358921,116782332.358921,1259.3304922071075,1098.7139994784638,160.6164927286436,Infectious period-modifying vaccine mechanism
1,GBR,2,EUR,1918,27,232356404561.3163,91614937027.5161,38066830.42208807,38066830.42208807,280022386557.41125,133546134239.22511,120521470.81754658,120521470.81754658,1252.1657691898881,1101.5153283520729,150.65044083781527,Infectious period-modifying vaccine mechanism
